日期,单位净值,复权单位净值,累计单位净值,收盘价,涨跌幅(%),申购状态,sigma00
2018-04-19,2.676,3.9864,3.639,2.676,1.06,开放申购|开放赎回,0.092426945
2018-04-18,2.648,3.9447,3.606,2.643,0.68,开放申购|开放赎回,0.092342541
2018-04-17,2.63,3.9179,3.585,2.626,-1.09,开放申购|开放赎回,0.089026665
2018-04-16,2.659,3.9611,3.619,2.655,-2.24,开放申购|开放赎回,0.083842353
2018-04-13,2.72,4.052,3.691,2.717,-0.87,开放申购|开放赎回,0.080414651
2018-04-12,2.744,4.0877,3.72,2.742,-1.26,开放申购|开放赎回,0.079248344
2018-04-11,2.779,4.1399,3.761,2.775,0.14,开放申购|开放赎回,0.080320257
2018-04-10,2.775,4.1339,3.756,2.775,2.4,开放申购|开放赎回,0.084051086
2018-04-09,2.71,4.0371,3.679,2.711,0.48,开放申购|开放赎回,0.086642541
2018-04-04,2.697,4.0177,3.664,2.694,0.19,开放申购|开放赎回,0.085101461
2018-04-03,2.692,4.0103,3.658,2.693,-0.52,开放申购|开放赎回,0.080637838
2018-04-02,2.706,4.0311,3.675,2.702,-0.4,开放申购|开放赎回,0.07533905
2018-03-30,2.717,4.0475,3.688,2.713,-0.59,开放申购|开放赎回,0.070662058
2018-03-29,2.733,4.0713,3.707,2.734,1.6,开放申购|开放赎回,0.066257249
2018-03-28,2.69,4.0073,3.656,2.688,-1.9,开放申购|开放赎回,0.063691471
2018-03-27,2.742,4.0847,3.717,2.739,0.29,开放申购|开放赎回,0.061178277
2018-03-26,2.734,4.0728,3.708,2.734,-1.87,开放申购|开放赎回,0.069710971
2018-03-23,2.786,4.1503,3.769,2.781,-2.62,开放申购|开放赎回,0.082359326
2018-03-22,2.861,4.262,3.858,2.857,-0.97,开放申购|开放赎回,0.090358093
2018-03-21,2.889,4.3037,3.891,2.884,-0.34,开放申购|开放赎回,0.098146243
2018-03-20,2.899,4.3186,3.903,2.895,0.24,开放申购|开放赎回,0.103733196
2018-03-19,2.892,4.3082,3.895,2.892,0.91,开放申购|开放赎回,0.106746994
2018-03-16,2.866,4.2695,3.864,2.862,-0.83,开放申购|开放赎回,0.111131842
2018-03-15,2.89,4.3052,3.892,2.89,0.8,开放申购|开放赎回,0.117384602
2018-03-14,2.867,4.271,3.865,2.863,-0.42,开放申购|开放赎回,0.121959556
2018-03-13,2.879,4.2888,3.879,2.873,-0.9,开放申购|开放赎回,0.126174942
2018-03-12,2.905,4.3276,3.91,2.905,0.03,开放申购|开放赎回,0.129766816
2018-03-09,2.904,4.3261,3.909,2.903,0.35,开放申购|开放赎回,0.131522775
2018-03-08,2.894,4.3112,3.897,2.893,0.7,开放申购|开放赎回,0.132262144
2018-03-07,2.874,4.2814,3.874,2.871,-0.48,开放申购|开放赎回,0.132146401
2018-03-06,2.888,4.3022,3.89,2.888,0.98,开放申购|开放赎回,0.130176379
2018-03-05,2.86,4.2605,3.857,2.855,0,开放申购|开放赎回,0.128357887
2018-03-02,2.86,4.2605,3.857,2.856,-0.94,开放申购|开放赎回,0.124678879
2018-03-01,2.887,4.3007,3.889,2.884,0.42,开放申购|开放赎回,0.120596029
2018-02-28,2.875,4.2829,3.875,2.871,-1.64,开放申购|开放赎回,0.117696966
2018-02-27,2.923,4.3544,3.932,2.92,-1.58,开放申购|开放赎回,0.113945238
2018-02-26,2.97,4.4244,3.987,2.965,0.58,开放申购|开放赎回,0.112531784
2018-02-23,2.953,4.3991,3.967,2.955,0.85,开放申购|开放赎回,0.113069854
2018-02-22,2.928,4.3618,3.937,2.925,2.09,开放申购|开放赎回,0.113696111
2018-02-14,2.868,4.2724,3.866,2.866,0.63,开放申购|开放赎回,0.113905431
2018-02-13,2.85,4.2456,3.845,2.848,1.71,开放申购|开放赎回,0.111814096
2018-02-12,2.802,4.1741,3.788,2.8,-0.21,开放申购|开放赎回,0.108825622
2018-02-09,2.808,4.1831,3.795,2.803,-4.59,开放申购|开放赎回,0.104847585
2018-02-08,2.943,4.3842,3.955,2.939,-2.78,开放申购|开放赎回,0.100923375
2018-02-07,3.027,4.5093,4.055,3.023,-2.83,开放申购|开放赎回,0.105027336
2018-02-06,3.115,4.6404,4.159,3.11,-2.01,开放申购|开放赎回,0.111635923
2018-02-05,3.179,4.7357,4.235,3.18,1.02,开放申购|开放赎回,0.113634466
2018-02-02,3.147,4.6881,4.197,3.145,0.25,开放申购|开放赎回,0.113163014
2018-02-01,3.139,4.6762,4.187,3.134,0.77,开放申购|开放赎回,0.113316138
2018-01-31,3.115,4.6404,4.159,3.113,1.23,开放申购|开放赎回,0.112684898
2018-01-30,3.077,4.5838,4.114,3.075,-1.31,开放申购|开放赎回,0.112862443
2018-01-29,3.118,4.6449,4.162,3.114,-1.67,开放申购|开放赎回,0.113927407
2018-01-26,3.171,4.7238,4.225,3.171,0.54,开放申购|开放赎回,0.114824148
2018-01-25,3.154,4.6985,4.205,3.15,-0.72,开放申购|开放赎回,0.112368974
2018-01-24,3.177,4.7328,4.232,3.172,0.13,开放申购|开放赎回,0.108605074
2018-01-23,3.173,4.7268,4.227,3.173,1.47,开放申购|开放赎回,0.101545279
2018-01-22,3.127,4.6583,4.173,3.129,0.39,开放申购|开放赎回,0.093423427
2018-01-19,3.115,4.6404,4.159,3.113,0.35,开放申购|开放赎回,0.086008313
2018-01-18,3.104,4.624,4.146,3.106,0.98,开放申购|开放赎回,0.07906642
2018-01-17,3.074,4.5793,4.11,3.071,0.42,开放申购|开放赎回,0.071695589
2018-01-16,3.061,4.56,4.095,3.064,0.49,开放申购|开放赎回,0.065122555
2018-01-15,3.046,4.5376,4.077,3.043,0.99,开放申购|开放赎回,0.057569708
2018-01-12,3.016,4.4929,4.042,3.018,0.7,开放申购|开放赎回,0.050948486
2018-01-11,2.995,4.4616,4.017,2.991,0.03,开放申购|开放赎回,0.045830535
2018-01-10,2.994,4.4601,4.016,2.994,0.91,开放申购|开放赎回,0.041457359
2018-01-09,2.967,4.4199,3.984,2.97,0.71,开放申购|开放赎回,0.035586127
2018-01-08,2.946,4.3886,3.959,2.944,0.51,开放申购|开放赎回,0.031229885
2018-01-05,2.931,4.3663,3.941,2.933,0.45,开放申购|开放赎回,0.033113945
2018-01-04,2.918,4.3469,3.926,2.919,0.21,开放申购|开放赎回,0.037828545
2018-01-03,2.912,4.338,3.919,2.912,0.17,开放申购|开放赎回,0.042550322
2018-01-02,2.907,4.3305,3.913,2.907,1.68,开放申购|开放赎回,0.054368432
2017-12-31,2.859,4.259,3.856,2.858,0,开放申购|开放赎回,0.06173731
2017-12-29,2.859,4.259,3.856,2.858,0.03,开放申购|开放赎回,0.064388414
2017-12-28,2.858,4.2575,3.855,2.855,0.7,开放申购|开放赎回,0.066313094
2017-12-27,2.838,4.2278,3.831,2.834,-1.9,开放申购|开放赎回,0.066058351
2017-12-26,2.893,4.3097,3.896,2.893,0.49,开放申购|开放赎回,0.064831603
2017-12-25,2.879,4.2888,3.879,2.876,-0.03,开放申购|开放赎回,0.064824156
2017-12-22,2.88,4.2903,3.881,2.878,-0.48,开放申购|开放赎回,0.06474389
2017-12-21,2.894,4.3112,3.897,2.893,0.52,开放申购|开放赎回,0.064563975
2017-12-20,2.879,4.2888,3.879,2.876,0.24,开放申购|开放赎回,0.064640696
2017-12-19,2.872,4.2784,3.871,2.87,1.56,开放申购|开放赎回,0.064674614
2017-12-18,2.828,4.2129,3.819,2.828,0.28,开放申购|开放赎回,0.064582977
2017-12-15,2.82,4.2009,3.81,2.816,-1.02,开放申购|开放赎回,0.064006295
2017-12-14,2.849,4.2441,3.844,2.85,-0.8,开放申购|开放赎回,0.062585445
2017-12-13,2.872,4.2784,3.871,2.87,0.77,开放申购|开放赎回,0.062684624
2017-12-12,2.85,4.2456,3.845,2.846,-1.69,开放申购|开放赎回,0.063481023
2017-12-11,2.899,4.3186,3.903,2.898,1.15,开放申购|开放赎回,0.063320168
2017-12-08,2.866,4.2695,3.864,2.865,0.63,开放申购|开放赎回,0.063874203
2017-12-07,2.848,4.2427,3.843,2.844,-0.94,开放申购|开放赎回,0.063711463
2017-12-06,2.875,4.2829,3.875,2.871,-1.24,开放申购|开放赎回,0.064361265
2017-12-05,2.911,4.3365,3.917,2.908,1.71,开放申购|开放赎回,0.066847407
2017-12-04,2.862,4.2635,3.859,2.858,0.67,开放申购|开放赎回,0.069184785
2017-12-01,2.843,4.2352,3.837,2.838,-0.77,开放申购|开放赎回,0.071641797
2017-11-30,2.865,4.268,3.863,2.858,-1,开放申购|开放赎回,0.073544888
2017-11-29,2.894,4.3112,3.897,2.89,-0.17,开放申购|开放赎回,0.07508429
2017-11-28,2.899,4.3186,3.903,2.896,-0.69,开放申购|开放赎回,0.076978725
2017-11-27,2.973,4.3484,3.927,2.966,-0.67,开放申购|开放赎回,0.079685308
2017-11-24,2.993,4.3777,3.95,2.99,-0.13,开放申购|开放赎回,0.080602016
2017-11-23,2.997,4.3835,3.955,2.991,-2.38,开放申购|开放赎回,0.080394065
2017-11-22,3.07,4.4903,4.042,3.067,0.82,开放申购|开放赎回,0.079358846
2017-11-21,3.045,4.4537,4.012,3.046,1.57,开放申购|开放赎回,0.072107391
2017-11-20,2.998,4.385,3.956,2.996,0.07,开放申购|开放赎回,0.065523041
2017-11-17,2.996,4.3821,3.954,2.99,2.08,开放申购|开放赎回,0.06153048
2017-11-16,2.935,4.2928,3.882,2.932,1.03,开放申购|开放赎回,0.05796515
2017-11-15,2.905,4.249,3.846,2.901,-0.41,开放申购|开放赎回,0.057690813
2017-11-14,2.917,4.2665,3.861,2.913,-0.41,开放申购|开放赎回,0.059035193
2017-11-13,2.929,4.2841,3.875,2.928,0.38,开放申购|开放赎回,0.059243274
2017-11-10,2.918,4.268,3.862,2.918,1.04,开放申购|开放赎回,0.056618556
2017-11-09,2.888,4.2241,3.826,2.885,0.45,开放申购|开放赎回,0.053928262
2017-11-08,2.875,4.2051,3.811,2.874,-0.07,开放申购|开放赎回,0.052710879
2017-11-07,2.877,4.208,3.813,2.875,1.05,开放申购|开放赎回,0.051639822
2017-11-06,2.847,4.1641,3.778,2.843,-0.32,开放申购|开放赎回,0.050447925
2017-11-03,2.856,4.1773,3.788,2.851,0.25,开放申购|开放赎回,0.050334296
2017-11-02,2.849,4.1671,3.78,2.847,0.18,开放申购|开放赎回,0.049155968
2017-11-01,2.844,4.1597,3.774,2.842,-0.18,开放申购|开放赎回,0.048042893
2017-10-31,2.849,4.1671,3.78,2.851,-0.56,开放申购|开放赎回,0.046809764
2017-10-30,2.865,4.1905,3.799,2.861,-0.17,开放申购|开放赎回,0.044178114
2017-10-27,2.87,4.1978,3.805,2.873,1.56,开放申购|开放赎回,0.040105163
2017-10-26,2.826,4.1334,3.753,2.827,0.68,开放申购|开放赎回,0.0340423
2017-10-25,2.807,4.1056,3.73,2.802,-0.04,开放申购|开放赎回,0.031176564
2017-10-24,2.808,4.1071,3.731,2.806,0.68,开放申购|开放赎回,0.029643398
2017-10-23,2.789,4.0793,3.709,2.791,-0.11,开放申购|开放赎回,0.02777173
2017-10-20,2.792,4.0837,3.713,2.79,-0.68,开放申购|开放赎回,0.027327326
2017-10-19,2.811,4.1115,3.735,2.806,0.11,开放申购|开放赎回,0.026306526
2017-10-18,2.808,4.1071,3.731,2.802,1.08,开放申购|开放赎回,0.023923369
2017-10-17,2.778,4.0632,3.696,2.779,-0.11,开放申购|开放赎回,0.021743251
2017-10-16,2.781,4.0676,3.7,2.781,0.47,开放申购|开放赎回,0.021477708
2017-10-13,2.768,4.0486,3.684,2.771,-0.18,开放申购|开放赎回,0.022007209
2017-10-12,2.773,4.0559,3.69,2.773,0.4,开放申购|开放赎回,0.02294143
2017-10-11,2.762,4.0398,3.677,2.762,0.44,开放申购|开放赎回,0.02242333
2017-10-10,2.75,4.0223,3.663,2.746,0.15,开放申购|开放赎回,0.023609101
2017-10-09,2.746,4.0164,3.658,2.75,0.73,开放申购|开放赎回,0.024355815
2017-09-30,2.726,3.9871,3.634,2.726,0,开放申购|开放赎回,0.025986734
2017-09-29,2.726,3.9871,3.634,2.726,0.41,开放申购|开放赎回,0.029321464
2017-09-28,2.715,3.9711,3.621,2.715,0,开放申购|开放赎回,0.032096926
2017-09-27,2.715,3.9711,3.621,2.711,-0.66,开放申购|开放赎回,0.035275207
2017-09-26,2.733,3.9974,3.643,2.731,0,开放申购|开放赎回,0.038908809
2017-09-25,2.733,3.9974,3.643,2.729,0.04,开放申购|开放赎回,0.041451384
2017-09-22,2.732,3.9959,3.641,2.729,0.15,开放申购|开放赎回,0.044697206
2017-09-21,2.728,3.9901,3.637,2.728,0.48,开放申购|开放赎回,0.049019454
2017-09-20,2.715,3.9711,3.621,2.717,-0.29,开放申购|开放赎回,0.05038605
2017-09-19,2.723,3.9828,3.631,2.72,-0.11,开放申购|开放赎回,0.051316294
2017-09-18,2.726,3.9871,3.634,2.729,0.18,开放申购|开放赎回,0.051669162
2017-09-15,2.721,3.9798,3.628,2.722,-0.15,开放申购|开放赎回,0.051981882
2017-09-14,2.725,3.9857,3.633,2.722,-0.55,开放申购|开放赎回,0.052494159
2017-09-13,2.74,4.0076,3.651,2.739,-0.18,开放申购|开放赎回,0.052598468
2017-09-12,2.745,4.0149,3.657,2.746,0.66,开放申购|开放赎回,0.052425711
2017-09-11,2.727,3.9886,3.636,2.73,-0.44,开放申购|开放赎回,0.052048607
2017-09-08,2.739,4.0062,3.65,2.738,-0.22,开放申购|开放赎回,0.052107934
2017-09-07,2.745,4.0149,3.657,2.743,-0.83,开放申购|开放赎回,0.051996507
2017-09-06,2.768,4.0486,3.684,2.764,-0.54,开放申购|开放赎回,0.05173469
2017-09-05,2.783,4.0705,3.702,2.782,0.65,开放申购|开放赎回,0.050619938
2017-09-04,2.765,4.0442,3.681,2.764,0.14,开放申购|开放赎回,0.048264311
2017-09-01,2.761,4.0383,3.676,2.76,-0.14,开放申购|开放赎回,0.046573339
2017-08-31,2.765,4.0442,3.681,2.766,-0.5,开放申购|开放赎回,0.044962002
2017-08-30,2.779,4.0647,3.697,2.774,-0.39,开放申购|开放赎回,0.042895971
2017-08-29,2.79,4.0808,3.71,2.789,0.07,开放申购|开放赎回,0.03995112
2017-08-28,2.788,4.0778,3.708,2.788,1.12,开放申购|开放赎回,0.035368341
2017-08-25,2.757,4.0325,3.671,2.757,2.26,开放申购|开放赎回,0.029393271
2017-08-24,2.696,3.9433,3.599,2.698,-0.52,开放申购|开放赎回,0.025564186
2017-08-23,2.71,3.9637,3.615,2.708,0.63,开放申购|开放赎回,0.026148317
2017-08-22,2.693,3.9389,3.595,2.689,1.01,开放申购|开放赎回,0.028921535
2017-08-21,2.666,3.8994,3.563,2.663,0.11,开放申购|开放赎回,0.031135614
2017-08-18,2.663,3.895,3.56,2.664,0.41,开放申购|开放赎回,0.035446982
2017-08-17,2.652,3.8789,3.547,2.652,0.34,开放申购|开放赎回,0.040200017
2017-08-16,2.643,3.8657,3.536,2.64,-0.41,开放申购|开放赎回,0.043726172
2017-08-15,2.654,3.8818,3.549,2.651,0.53,开放申购|开放赎回,0.046991562
2017-08-14,2.64,3.8614,3.533,2.635,0.84,开放申购|开放赎回,0.053154611
2017-08-11,2.618,3.8292,3.507,2.613,-1.54,开放申购|开放赎回,0.056684051
2017-08-10,2.659,3.8892,3.555,2.655,-0.34,开放申购|开放赎回,0.05872668
2017-08-09,2.668,3.9023,3.566,2.664,-0.56,开放申购|开放赎回,0.060559992
2017-08-08,2.683,3.9243,3.583,2.682,0.07,开放申购|开放赎回,0.062880145
2017-08-07,2.681,3.9213,3.581,2.679,0.22,开放申购|开放赎回,0.063837041
2017-08-04,2.675,3.9126,3.574,2.671,-0.67,开放申购|开放赎回,0.064997975
2017-08-03,2.693,3.9389,3.595,2.689,-1.28,开放申购|开放赎回,0.066517174
2017-08-02,2.728,3.9901,3.637,2.728,0,开放申购|开放赎回,0.068060318
2017-08-01,2.728,3.9901,3.637,2.724,1.68,开放申购|开放赎回,0.068043673
2017-07-31,2.683,3.9243,3.583,2.682,0.04,开放申购|开放赎回,0.068915407
2017-07-28,2.682,3.9228,3.582,2.68,0,开放申购|开放赎回,0.07020696
2017-07-27,2.682,3.9228,3.582,2.677,0.07,开放申购|开放赎回,0.073048913
2017-07-26,2.68,3.9199,3.58,2.677,-0.26,开放申购|开放赎回,0.074890426
2017-07-25,2.687,3.9301,3.588,2.683,-0.44,开放申购|开放赎回,0.075190608
2017-07-24,2.699,3.9477,3.602,2.7,0.6,开放申购|开放赎回,0.073545365
2017-07-21,2.683,3.9243,3.583,2.68,-0.96,开放申购|开放赎回,0.07031758
2017-07-20,2.709,3.9623,3.614,2.71,0.3,开放申购|开放赎回,0.067585416
2017-07-19,2.701,3.9506,3.605,2.702,1.31,开放申购|开放赎回,0.062405321
2017-07-18,2.666,3.8994,3.563,2.659,-0.26,开放申购|开放赎回,0.057368951
2017-07-17,2.673,3.9096,3.572,2.669,0.34,开放申购|开放赎回,0.055709891
2017-07-14,2.664,3.8965,3.561,2.665,0.91,开放申购|开放赎回,0.053103412
2017-07-13,2.64,3.8614,3.533,2.638,1.54,开放申购|开放赎回,0.048170208
2017-07-12,2.6,3.8029,3.485,2.597,-0.15,开放申购|开放赎回,0.043801341
2017-07-11,2.604,3.8087,3.49,2.604,1.05,开放申购|开放赎回,0.042249954
2017-07-10,2.577,3.7692,3.458,2.575,0.39,开放申购|开放赎回,0.040029084
2017-07-07,2.567,3.7546,3.446,2.561,-0.16,开放申购|开放赎回,0.039044625
2017-07-06,2.571,3.7604,3.451,2.567,0.35,开放申购|开放赎回,0.042772534
2017-07-05,2.562,3.7473,3.44,2.563,1.51,开放申购|开放赎回,0.044947274
2017-07-04,2.524,3.6917,3.395,2.52,-0.94,开放申购|开放赎回,0.04885404
2017-07-03,2.548,3.7268,3.424,2.543,-0.59,开放申购|开放赎回,0.054632408
2017-06-30,2.563,3.7487,3.441,2.558,-0.12,开放申购|开放赎回,0.059033441
2017-06-29,2.566,3.7531,3.445,2.565,0.63,开放申购|开放赎回,0.061272934
2017-06-28,2.55,3.7297,3.426,2.548,-0.66,开放申购|开放赎回,0.061178653
2017-06-27,2.567,3.7546,3.446,2.564,0.47,开放申购|开放赎回,0.061579441
2017-06-26,2.555,3.737,3.432,2.554,0.55,开放申购|开放赎回,0.060700471
2017-06-23,2.541,3.7166,3.415,2.543,0.47,开放申购|开放赎回,0.061700388
2017-06-22,2.529,3.699,3.401,2.524,0.8,开放申购|开放赎回,0.063256457
2017-06-21,2.509,3.6698,3.377,2.509,0.93,开放申购|开放赎回,0.065276855
2017-06-20,2.486,3.6361,3.35,2.483,-0.4,开放申购|开放赎回,0.067004546
2017-06-19,2.496,3.6507,3.362,2.497,1.3,开放申购|开放赎回,0.069312386
2017-06-16,2.464,3.6039,3.324,2.46,-0.16,开放申购|开放赎回,0.070235245
2017-06-15,2.468,3.6098,3.329,2.465,-0.64,开放申购|开放赎回,0.071636342
2017-06-14,2.484,3.6332,3.348,2.482,-1.11,开放申购|开放赎回,0.072329745
2017-06-13,2.512,3.6741,3.381,2.512,-0.24,开放申购|开放赎回,0.071908794
2017-06-12,2.518,3.6829,3.388,2.514,0.08,开放申购|开放赎回,0.069586009
2017-06-09,2.516,3.68,3.386,2.517,0.52,开放申购|开放赎回,0.066700566
2017-06-08,2.503,3.661,3.37,2.501,0.93,开放申购|开放赎回,0.062841938
2017-06-07,2.48,3.6273,3.343,2.48,0.69,开放申购|开放赎回,0.059485341
2017-06-06,2.463,3.6025,3.323,2.457,0.65,开放申购|开放赎回,0.056751414
2017-06-05,2.447,3.5791,3.304,2.442,-1.01,开放申购|开放赎回,0.055114979
2017-06-02,2.472,3.6156,3.334,2.47,-0.84,开放申购|开放赎回,0.054117422
2017-06-01,2.493,3.6464,3.359,2.49,0.69,开放申购|开放赎回,0.050698353
2017-05-31,2.476,3.6215,3.338,2.475,0.32,开放申购|开放赎回,0.044616939
2017-05-26,2.468,3.6098,3.329,2.466,-0.12,开放申购|开放赎回,0.038752219
2017-05-25,2.471,3.6142,3.333,2.47,2.79,开放申购|开放赎回,0.032583685
2017-05-24,2.404,3.5162,3.253,2.399,-0.21,开放申购|开放赎回,0.024022116
2017-05-23,2.409,3.5235,3.259,2.403,1.26,开放申购|开放赎回,0.022731946
2017-05-22,2.379,3.4796,3.224,2.373,0.85,开放申购|开放赎回,0.020927598
2017-05-19,2.359,3.4504,3.2,2.355,0.3,开放申购|开放赎回,0.021511825
2017-05-18,2.352,3.4401,3.192,2.35,-0.38,开放申购|开放赎回,0.022556417
2017-05-17,2.361,3.4533,3.202,2.358,-0.76,开放申购|开放赎回,0.023443966
2017-05-16,2.379,3.4796,3.224,2.379,0,开放申购|开放赎回,0.023417476
2017-05-15,2.379,3.4796,3.224,2.374,0.25,开放申购|开放赎回,0.022683251
2017-05-12,2.373,3.4708,3.216,2.37,1.5,开放申购|开放赎回,0.022121114
2017-05-11,2.338,3.4196,3.175,2.334,0.65,开放申购|开放赎回,0.021712463
2017-05-10,2.323,3.3977,3.157,2.321,0.3,开放申购|开放赎回,0.021756463
2017-05-09,2.316,3.3875,3.149,2.315,-0.39,开放申购|开放赎回,0.021441822
2017-05-08,2.325,3.4006,3.16,2.318,0.26,开放申购|开放赎回,0.020547142
2017-05-05,2.319,3.3919,3.153,2.313,-0.22,开放申购|开放赎回,0.019869372
2017-05-04,2.324,3.3992,3.158,2.32,-0.17,开放申购|开放赎回,0.018649489
2017-05-03,2.328,3.405,3.163,2.325,-0.3,开放申购|开放赎回,0.017746491
2017-05-02,2.335,3.4153,3.172,2.332,-0.43,开放申购|开放赎回,0.017108981
2017-04-28,2.345,3.4299,3.183,2.34,-0.21,开放申购|开放赎回,0.01693534
2017-04-27,2.35,3.4372,3.189,2.344,0.3,开放申购|开放赎回,0.016744222
2017-04-26,2.343,3.427,3.181,2.339,0,开放申购|开放赎回,0.016650015
2017-04-25,2.343,3.427,3.181,2.342,0.13,开放申购|开放赎回,0.016402971
2017-04-24,2.34,3.4226,3.177,2.336,-0.26,开放申购|开放赎回,0.01663748
2017-04-21,2.346,3.4313,3.185,2.341,0.51,开放申购|开放赎回,0.01641768
2017-04-20,2.334,3.4138,3.17,2.331,0.43,开放申购|开放赎回,0.016213518
2017-04-19,2.324,3.3992,3.158,2.322,-0.51,开放申购|开放赎回,0.015563773
2017-04-18,2.336,3.4167,3.173,2.338,-0.85,开放申购|开放赎回,0.014262079
2017-04-17,2.356,3.446,3.196,2.353,0.08,开放申购|开放赎回,0.014062627
2017-04-14,2.354,3.443,3.194,2.35,-0.55,开放申购|开放赎回,0.014062627
2017-04-13,2.367,3.4621,3.209,2.367,-0.42,开放申购|开放赎回,0.014138925
2017-04-12,2.377,3.4767,3.221,2.374,-0.17,开放申购|开放赎回,0.014163089
2017-04-11,2.381,3.4825,3.226,2.378,0.13,开放申购|开放赎回,0.013939483
2017-04-10,2.378,3.4782,3.222,2.377,-0.38,开放申购|开放赎回,0.014349336
2017-04-07,2.387,3.4913,3.233,2.384,-0.08,开放申购|开放赎回,0.014920325
2017-04-06,2.389,3.4942,3.235,2.384,0.25,开放申购|开放赎回,0.01577937
2017-04-05,2.383,3.4855,3.228,2.382,1.02,开放申购|开放赎回,0.016359081
2017-03-31,2.359,3.4504,3.2,2.356,0.55,开放申购|开放赎回,0.017152326
2017-03-30,2.346,3.4313,3.185,2.343,-0.26,开放申购|开放赎回,0.017145791
2017-03-29,2.352,3.4401,3.192,2.352,-0.13,开放申购|开放赎回,0.017016017
2017-03-28,2.355,3.4445,3.195,2.354,-0.34,开放申购|开放赎回,0.017016591
2017-03-27,2.363,3.4562,3.205,2.36,-0.04,开放申购|开放赎回,0.017047904
2017-03-24,2.364,3.4577,3.206,2.364,0.77,开放申购|开放赎回,0.017315231
2017-03-23,2.346,3.4313,3.185,2.344,0.39,开放申购|开放赎回,0.017327442
2017-03-22,2.337,3.4182,3.174,2.336,-0.81,开放申购|开放赎回,0.017064078
2017-03-21,2.356,3.446,3.196,2.353,0.3,开放申购|开放赎回,0.016559506
2017-03-20,2.349,3.4357,3.188,2.347,0.13,开放申购|开放赎回,0.017235389
2017-03-17,2.346,3.4313,3.185,2.343,-0.93,开放申购|开放赎回,0.017371168
2017-03-16,2.368,3.4635,3.211,2.369,0.47,开放申购|开放赎回,0.017409734
2017-03-15,2.357,3.4474,3.198,2.354,0.13,开放申购|开放赎回,0.017376328
2017-03-14,2.354,3.443,3.194,2.351,0,开放申购|开放赎回,0.017338284
2017-03-13,2.354,3.443,3.194,2.355,0.64,开放申购|开放赎回,0.017281609
2017-03-10,2.339,3.4211,3.176,2.335,-0.3,开放申购|开放赎回,0.017426496
2017-03-09,2.346,3.4313,3.185,2.343,-0.51,开放申购|开放赎回,0.016862391
2017-03-08,2.358,3.4489,3.199,2.355,0.08,开放申购|开放赎回,0.017291583
2017-03-07,2.356,3.446,3.196,2.354,0.26,开放申购|开放赎回,0.017558965
2017-03-06,2.35,3.4372,3.189,2.349,0.13,开放申购|开放赎回,0.018500109
2017-03-03,2.347,3.4328,3.186,2.343,-0.34,开放申购|开放赎回,0.018806975
2017-03-02,2.355,3.4445,3.195,2.353,-0.67,开放申购|开放赎回,0.02072868
2017-03-01,2.371,3.4679,3.214,2.368,0.04,开放申购|开放赎回,0.023724981
2017-02-28,2.37,3.4664,3.213,2.368,0,开放申购|开放赎回,0.025619138
2017-02-27,2.37,3.4664,3.213,2.367,-0.8,开放申购|开放赎回,0.026624701
2017-02-24,2.389,3.4942,3.235,2.385,0.08,开放申购|开放赎回,0.027216987
2017-02-23,2.387,3.4913,3.233,2.387,-0.42,开放申购|开放赎回,0.027320238
2017-02-22,2.397,3.5059,3.245,2.396,0.04,开放申购|开放赎回,0.026813725
2017-02-21,2.396,3.5045,3.244,2.393,0.13,开放申购|开放赎回,0.025466588
2017-02-20,2.393,3.5001,3.24,2.395,1.27,开放申购|开放赎回,0.024698085
2017-02-17,2.363,3.4562,3.205,2.361,-0.59,开放申购|开放赎回,0.02458726
2017-02-16,2.377,3.4767,3.221,2.372,0.21,开放申购|开放赎回,0.025924293
2017-02-15,2.372,3.4694,3.215,2.369,-0.04,开放申购|开放赎回,0.027078091
2017-02-14,2.373,3.4708,3.216,2.37,-0.25,开放申购|开放赎回,0.027972996
2017-02-13,2.379,3.4796,3.224,2.378,0.46,开放申购|开放赎回,0.027871297
2017-02-10,2.368,3.4635,3.211,2.366,0.55,开放申购|开放赎回,0.02663642
2017-02-09,2.355,3.4445,3.195,2.354,0.34,开放申购|开放赎回,0.026694547
2017-02-08,2.347,3.4328,3.186,2.348,0.34,开放申购|开放赎回,0.026496259
2017-02-07,2.339,3.4211,3.176,2.335,-0.26,开放申购|开放赎回,0.026212768
2017-02-06,2.345,3.4299,3.183,2.343,0.17,开放申购|开放赎回,0.026839861
2017-02-03,2.341,3.424,3.179,2.342,-1.01,开放申购|开放赎回,0.026659388
2017-01-26,2.365,3.4591,3.207,2.366,0.21,开放申购|开放赎回,0.026241583
2017-01-25,2.36,3.4518,3.201,2.357,0.25,开放申购|开放赎回,0.024264254
2017-01-24,2.354,3.443,3.194,2.354,0.21,开放申购|开放赎回,0.024465434
2017-01-23,2.349,3.4357,3.188,2.348,0,开放申购|开放赎回,0.025659485
2017-01-20,2.349,3.4357,3.188,2.349,0.51,开放申购|开放赎回,0.028312298
2017-01-19,2.337,3.4182,3.174,2.334,-0.34,开放申购|开放赎回,0.033121233
2017-01-18,2.345,3.4299,3.183,2.344,0.56,开放申购|开放赎回,0.035034302
2017-01-17,2.332,3.4109,3.168,2.329,-0.34,开放申购|开放赎回,0.036302512
2017-01-16,2.34,3.4226,3.177,2.339,1.25,开放申购|开放赎回,0.037402747
2017-01-13,2.311,3.3802,3.143,2.31,0.57,开放申购|开放赎回,0.038527852
2017-01-12,2.298,3.3611,3.128,2.296,-0.22,开放申购|开放赎回,0.042247492
2017-01-11,2.303,3.3685,3.134,2.303,-0.52,开放申购|开放赎回,0.046358188
2017-01-10,2.315,3.386,3.148,2.313,-0.26,开放申购|开放赎回,0.048946382
2017-01-09,2.321,3.3948,3.155,2.319,0.39,开放申购|开放赎回,0.053011211
2017-01-06,2.312,3.3816,3.144,2.314,-0.56,开放申购|开放赎回,0.057466442
2017-01-05,2.325,3.4006,3.16,2.322,0.04,开放申购|开放赎回,0.060586444
2017-01-04,2.324,3.3992,3.158,2.325,0.61,开放申购|开放赎回,0.06209097
2017-01-03,2.31,3.3787,3.142,2.307,0.87,开放申购|开放赎回,0.063046607
2016-12-31,2.29,3.3494,3.118,2.287,0,开放申购|开放赎回,0.063244245
2016-12-30,2.29,3.3494,3.118,2.287,0.53,开放申购|开放赎回,0.062178543
2016-12-29,2.278,3.3319,3.104,2.278,-0.13,开放申购|开放赎回,0.060672486
2016-12-28,2.281,3.3363,3.108,2.278,-0.39,开放申购|开放赎回,0.058589513
2016-12-27,2.29,3.3494,3.118,2.289,-0.35,开放申购|开放赎回,0.056273031
2016-12-26,2.298,3.3611,3.128,2.298,0.7,开放申购|开放赎回,0.054296716
2016-12-23,2.282,3.3377,3.109,2.279,-0.57,开放申购|开放赎回,0.052570303
2016-12-22,2.295,3.3568,3.124,2.292,-0.22,开放申购|开放赎回,0.049571915
2016-12-21,2.3,3.3641,3.13,2.298,0.74,开放申购|开放赎回,0.047422532
2016-12-20,2.283,3.3392,3.11,2.281,-0.52,开放申购|开放赎回,0.046315956
2016-12-19,2.295,3.3568,3.124,2.293,-0.43,开放申购|开放赎回,0.043280547
2016-12-16,2.305,3.3714,3.136,2.301,-0.3,开放申购|开放赎回,0.041204062
2016-12-15,2.312,3.3816,3.144,2.308,-2.12,开放申购|开放赎回,0.039858788
2016-12-14,2.362,3.4547,3.203,2.36,-0.51,开放申购|开放赎回,0.038784936
2016-12-13,2.374,3.4723,3.218,2.371,-0.63,开放申购|开放赎回,0.041429569
2016-12-12,2.389,3.4942,3.235,2.386,-0.95,开放申购|开放赎回,0.043039423
2016-12-09,2.412,3.5279,3.263,2.413,1.34,开放申购|开放赎回,0.045042458
2016-12-08,2.38,3.4811,3.225,2.38,0.08,开放申购|开放赎回,0.046161934
2016-12-07,2.378,3.4782,3.222,2.375,0.34,开放申购|开放赎回,0.047729229
2016-12-06,2.37,3.4664,3.213,2.368,-0.29,开放申购|开放赎回,0.048900098
2016-12-05,2.377,3.4767,3.221,2.373,-1.7,开放申购|开放赎回,0.049696967
2016-12-02,2.418,3.5367,3.27,2.416,-0.58,开放申购|开放赎回,0.050258744
2016-12-01,2.432,3.5571,3.286,2.433,0.45,开放申购|开放赎回,0.050818767
2016-11-30,2.421,3.541,3.273,2.419,-0.9,开放申购|开放赎回,0.050944922
2016-11-29,2.443,3.5732,3.299,2.446,1.58,开放申购|开放赎回,0.051306886
2016-11-28,2.458,3.5176,3.254,2.46,0.37,开放申购|开放赎回,0.04948527
2016-11-25,2.449,3.5048,3.244,2.451,1.07,开放申购|开放赎回,0.047473756
2016-11-24,2.423,3.4676,3.213,2.425,0.33,开放申购|开放赎回,0.044196063
2016-11-23,2.415,3.4561,3.203,2.415,0.33,开放申购|开放赎回,0.042603168
2016-11-22,2.407,3.4447,3.194,2.408,0.75,开放申购|开放赎回,0.040991168
2016-11-21,2.389,3.4189,3.173,2.39,1.19,开放申购|开放赎回,0.038780268
2016-11-18,2.361,3.3788,3.14,2.363,-0.42,开放申购|开放赎回,0.037401349
2016-11-17,2.371,3.3931,3.151,2.369,0.3,开放申购|开放赎回,0.038658674
2016-11-16,2.364,3.3831,3.143,2.361,-0.04,开放申购|开放赎回,0.039381366
2016-11-15,2.365,3.3845,3.144,2.366,-0.3,开放申购|开放赎回,0.040690025
2016-11-14,2.372,3.3946,3.153,2.374,0.38,开放申购|开放赎回,0.04052133
2016-11-11,2.363,3.3817,3.142,2.363,0.81,开放申购|开放赎回,0.039636408
2016-11-10,2.344,3.3545,3.119,2.344,1.12,开放申购|开放赎回,0.037684123
2016-11-09,2.318,3.3173,3.089,2.32,-0.77,开放申购|开放赎回,0.036350718
2016-11-08,2.336,3.343,3.11,2.338,0.21,开放申购|开放赎回,0.036288578
2016-11-07,2.331,3.3359,3.104,2.33,0.21,开放申购|开放赎回,0.035259563
2016-11-04,2.326,3.3287,3.098,2.324,-0.09,开放申购|开放赎回,0.034264421
2016-11-03,2.328,3.3316,3.1,2.327,1.26,开放申购|开放赎回,0.033787861
2016-11-02,2.299,3.2901,3.066,2.3,-0.82,开放申购|开放赎回,0.032374674
2016-11-01,2.318,3.3173,3.089,2.316,0.61,开放申购|开放赎回,0.031907986
2016-10-31,2.304,3.2973,3.072,2.305,-0.17,开放申购|开放赎回,0.030591788
2016-10-28,2.308,3.303,3.077,2.307,0.17,开放申购|开放赎回,0.030020319
2016-10-27,2.304,3.2973,3.072,2.305,-0.3,开放申购|开放赎回,0.029328579
2016-10-26,2.311,3.3073,3.08,2.311,-0.43,开放申购|开放赎回,0.02859067
2016-10-25,2.321,3.3216,3.092,2.319,-0.17,开放申购|开放赎回,0.027311401
2016-10-24,2.325,3.3273,3.097,2.324,1.31,开放申购|开放赎回,0.025312393
2016-10-21,2.295,3.2844,3.061,2.295,0.79,开放申购|开放赎回,0.022334963
2016-10-20,2.277,3.2586,3.04,2.28,0.09,开放申购|开放赎回,0.02179605
2016-10-19,2.275,3.2558,3.038,2.279,-0.09,开放申购|开放赎回,0.021668479
2016-10-18,2.277,3.2586,3.04,2.282,1.34,开放申购|开放赎回,0.021345246
2016-10-17,2.247,3.2157,3.005,2.25,-0.75,开放申购|开放赎回,0.02091977
2016-10-14,2.264,3.24,3.025,2.266,0.35,开放申购|开放赎回,0.020992199
2016-10-13,2.256,3.2286,3.015,2.257,0.04,开放申购|开放赎回,0.021340399
2016-10-12,2.255,3.2271,3.014,2.257,-0.35,开放申购|开放赎回,0.022124933
2016-10-11,2.263,3.2386,3.024,2.265,0.27,开放申购|开放赎回,0.022698828
2016-10-10,2.257,3.23,3.016,2.262,1.17,开放申购|开放赎回,0.023889015
2016-09-30,2.231,3.1928,2.986,2.235,0.09,开放申购|开放赎回,0.024458832
2016-09-29,2.229,3.1899,2.983,2.23,0.41,开放申购|开放赎回,0.024842238
2016-09-28,2.22,3.177,2.973,2.219,-0.45,开放申购|开放赎回,0.025090663
2016-09-27,2.23,3.1914,2.984,2.229,0.41,开放申购|开放赎回,0.026444998
2016-09-26,2.221,3.1785,2.974,2.222,-1.24,开放申购|开放赎回,0.025239109
2016-09-23,2.249,3.2185,3.007,2.249,-0.18,开放申购|开放赎回,0.025171047
2016-09-22,2.253,3.2243,3.012,2.255,0.58,开放申购|开放赎回,0.02688556
2016-09-21,2.24,3.2057,2.996,2.243,0.18,开放申购|开放赎回,0.028271447
2016-09-20,2.236,3.1999,2.992,2.239,-0.27,开放申购|开放赎回,0.030375731
2016-09-19,2.242,3.2085,2.999,2.242,0.58,开放申购|开放赎回,0.032824437
2016-09-14,2.229,3.1899,2.983,2.229,-0.76,开放申购|开放赎回,0.035770919
2016-09-13,2.246,3.2142,3.003,2.242,-0.31,开放申购|开放赎回,0.037927775
2016-09-12,2.253,3.2243,3.012,2.25,-1.27,开放申购|开放赎回,0.040095704
2016-09-09,2.282,3.2658,3.046,2.28,-0.31,开放申购|开放赎回,0.042173002
2016-09-08,2.289,3.2758,3.054,2.29,0,开放申购|开放赎回,0.043350483
2016-09-07,2.289,3.2758,3.054,2.29,0.18,开放申购|开放赎回,0.04371655
2016-09-06,2.285,3.2701,3.05,2.286,0.18,开放申购|开放赎回,0.043792405
2016-09-05,2.281,3.2643,3.045,2.28,0,开放申购|开放赎回,0.043561833
2016-09-02,2.281,3.2643,3.045,2.279,0.4,开放申购|开放赎回,0.04410562
2016-09-01,2.272,3.2515,3.034,2.268,-0.53,开放申购|开放赎回,0.044543005
2016-08-31,2.284,3.2686,3.048,2.284,0.4,开放申购|开放赎回,0.044561581
2016-08-30,2.275,3.2558,3.038,2.276,0.44,开放申购|开放赎回,0.044325909
2016-08-29,2.265,3.2414,3.026,2.265,-0.26,开放申购|开放赎回,0.044054355
2016-08-26,2.271,3.25,3.033,2.267,-0.09,开放申购|开放赎回,0.04382448
2016-08-25,2.273,3.2529,3.035,2.269,-0.44,开放申购|开放赎回,0.043480422
2016-08-24,2.283,3.2672,3.047,2.28,-0.44,开放申购|开放赎回,0.043059649
2016-08-23,2.293,3.2815,3.059,2.29,0.22,开放申购|开放赎回,0.042241452
2016-08-22,2.288,3.2744,3.053,2.287,-0.56,开放申购|开放赎回,0.040909052
2016-08-19,2.301,3.293,3.069,2.301,0.31,开放申购|开放赎回,0.040339023
2016-08-18,2.294,3.2829,3.06,2.29,-0.39,开放申购|开放赎回,0.039046333
2016-08-17,2.303,3.2958,3.071,2.3,-0.17,开放申购|开放赎回,0.037568956
2016-08-16,2.307,3.3015,3.076,2.306,-1.28,开放申购|开放赎回,0.035106881
2016-08-15,2.337,3.3445,3.111,2.336,2.86,开放申购|开放赎回,0.031363644
2016-08-12,2.272,3.2515,3.034,2.272,2.07,开放申购|开放赎回,0.022021124
2016-08-11,2.226,3.1856,2.98,2.223,0.41,开放申购|开放赎回,0.021857664
2016-08-10,2.217,3.1727,2.969,2.216,-0.23,开放申购|开放赎回,0.024824534
2016-08-09,2.222,3.1799,2.975,2.221,0.73,开放申购|开放赎回,0.027420963
2016-08-08,2.206,3.157,2.956,2.204,0.5,开放申购|开放赎回,0.030831559
2016-08-05,2.195,3.1413,2.943,2.195,0.32,开放申购|开放赎回,0.034364911
2016-08-04,2.188,3.1312,2.935,2.186,-0.09,开放申购|开放赎回,0.039060946
2016-08-03,2.19,3.1341,2.937,2.188,-0.14,开放申购|开放赎回,0.041237314
2016-08-02,2.193,3.1384,2.941,2.19,0.05,开放申购|开放赎回,0.042759431
2016-08-01,2.192,3.137,2.939,2.19,-0.36,开放申购|开放赎回,0.044702966
2016-07-29,2.2,3.1484,2.949,2.201,-0.41,开放申购|开放赎回,0.046317259
2016-07-28,2.209,3.1613,2.96,2.211,-0.45,开放申购|开放赎回,0.047815846
2016-07-27,2.219,3.1756,2.971,2.215,-0.36,开放申购|开放赎回,0.049163298
2016-07-26,2.227,3.1871,2.981,2.227,1,开放申购|开放赎回,0.049776558
2016-07-25,2.205,3.1556,2.955,2.201,0.14,开放申购|开放赎回,0.049988504
2016-07-22,2.202,3.1513,2.951,2.2,-0.9,开放申购|开放赎回,0.051368636
2016-07-21,2.222,3.1799,2.975,2.22,0.5,开放申购|开放赎回,0.050959574
2016-07-20,2.211,3.1642,2.962,2.209,-0.36,开放申购|开放赎回,0.049679999
2016-07-19,2.219,3.1756,2.971,2.216,-0.54,开放申购|开放赎回,0.048718863
2016-07-18,2.231,3.1928,2.986,2.228,-0.18,开放申购|开放赎回,0.047278692
2016-07-15,2.235,3.1985,2.99,2.236,-0.04,开放申购|开放赎回,0.045054871
2016-07-14,2.236,3.1999,2.992,2.233,-0.09,开放申购|开放赎回,0.041934829
2016-07-13,2.238,3.2028,2.994,2.236,0.31,开放申购|开放赎回,0.038677921
2016-07-12,2.231,3.1928,2.986,2.233,1.97,开放申购|开放赎回,0.035704422
2016-07-11,2.188,3.1312,2.935,2.188,0.41,开放申购|开放赎回,0.032597793
2016-07-08,2.179,3.1184,2.924,2.177,-0.5,开放申购|开放赎回,0.032617885
2016-07-07,2.19,3.1341,2.937,2.189,0.18,开放申购|开放赎回,0.032840349
2016-07-06,2.186,3.1284,2.932,2.184,-0.05,开放申购|开放赎回,0.032182758
2016-07-05,2.187,3.1298,2.934,2.185,0.32,开放申购|开放赎回,0.030664761
2016-07-04,2.18,3.1198,2.925,2.177,1.58,开放申购|开放赎回,0.028624019
2016-07-01,2.146,3.0711,2.885,2.142,0.33,开放申购|开放赎回,0.027177069
2016-06-30,2.139,3.0611,2.877,2.136,0,开放申购|开放赎回,0.027220344
2016-06-29,2.139,3.0611,2.877,2.135,0.94,开放申购|开放赎回,0.027368179
2016-06-28,2.119,3.0325,2.853,2.117,0.28,开放申购|开放赎回,0.02727276
2016-06-27,2.113,3.0239,2.846,2.111,0.91,开放申购|开放赎回,0.027610197
2016-06-24,2.094,2.9967,2.823,2.09,-1.13,开放申购|开放赎回,0.027852753
2016-06-23,2.118,3.0311,2.852,2.116,-0.33,开放申购|开放赎回,0.028169356
2016-06-22,2.125,3.0411,2.86,2.124,0.52,开放申购|开放赎回,0.028688257
2016-06-21,2.114,3.0253,2.847,2.112,0,开放申购|开放赎回,0.028888231
2016-06-20,2.114,3.0253,2.847,2.114,0.09,开放申购|开放赎回,0.028803416
2016-06-17,2.112,3.0225,2.845,2.109,0.38,开放申购|开放赎回,0.030205218
2016-06-16,2.104,3.011,2.835,2.102,-0.43,开放申购|开放赎回,0.031655564
2016-06-15,2.113,3.0239,2.846,2.109,0.48,开放申购|开放赎回,0.033312453
2016-06-14,2.103,3.0096,2.834,2.101,0.48,开放申购|开放赎回,0.033780155
2016-06-13,2.093,2.9953,2.822,2.088,-2.15,开放申购|开放赎回,0.034438501
2016-06-08,2.139,3.0611,2.877,2.139,-0.28,开放申购|开放赎回,0.034926606
2016-06-07,2.145,3.0697,2.884,2.143,0.14,开放申购|开放赎回,0.035399786
2016-06-06,2.142,3.0654,2.88,2.141,-0.56,开放申购|开放赎回,0.03546862
2016-06-03,2.154,3.0826,2.894,2.154,0.7,开放申购|开放赎回,0.036041244
2016-06-02,2.139,3.0611,2.877,2.14,-0.05,开放申购|开放赎回,0.035726306
2016-06-01,2.14,3.0626,2.878,2.142,-0.79,开放申购|开放赎回,0.03599529
2016-05-31,2.157,3.0869,2.898,2.16,3.01,开放申购|开放赎回,0.036752105
2016-05-30,2.094,2.9967,2.823,2.089,0.82,开放申购|开放赎回,0.036484858
2016-05-27,2.077,2.9724,2.803,2.078,-0.05,开放申购|开放赎回,0.038324102
2016-05-26,2.078,2.9738,2.805,2.074,0.19,开放申购|开放赎回,0.039332958
2016-05-25,2.074,2.9681,2.8,2.074,0.24,开放申购|开放赎回,0.039633972
2016-05-24,2.069,2.9609,2.794,2.069,-0.72,开放申购|开放赎回,0.038915544
2016-05-23,2.084,2.9824,2.812,2.084,-0.05,开放申购|开放赎回,0.037842991
2016-05-20,2.085,2.9838,2.813,2.083,0.43,开放申购|开放赎回,0.037094474
2016-05-19,2.076,2.971,2.802,2.072,-0.24,开放申购|开放赎回,0.036308765
2016-05-18,2.081,2.9781,2.808,2.078,0.14,开放申购|开放赎回,0.035422069
2016-05-17,2.078,2.9738,2.805,2.077,-0.24,开放申购|开放赎回,0.034938764
2016-05-16,2.083,2.981,2.81,2.081,0.29,开放申购|开放赎回,0.033730916
2016-05-13,2.077,2.9724,2.803,2.079,-0.43,开放申购|开放赎回,0.032250617
2016-05-12,2.086,2.9853,2.814,2.083,0.34,开放申购|开放赎回,0.030384812
2016-05-11,2.079,2.9753,2.806,2.077,0.29,开放申购|开放赎回,0.029215588
2016-05-10,2.073,2.9667,2.799,2.07,0,开放申购|开放赎回,0.026850394
2016-05-09,2.073,2.9667,2.799,2.071,-1.66,开放申购|开放赎回,0.022991653
2016-05-06,2.108,3.0168,2.84,2.103,-2.04,开放申购|开放赎回,0.01818617
2016-05-05,2.152,3.0797,2.892,2.151,0,开放申购|开放赎回,0.016514884
2016-05-04,2.152,3.0797,2.892,2.153,-0.23,开放申购|开放赎回,0.016857107
2016-05-03,2.157,3.0869,2.898,2.159,1.03,开放申购|开放赎回,0.018438341
2016-04-29,2.135,3.0554,2.872,2.135,-0.28,开放申购|开放赎回,0.018529907
2016-04-28,2.141,3.064,2.879,2.142,-0.14,开放申购|开放赎回,0.018631329
2016-04-27,2.144,3.0683,2.883,2.144,-0.51,开放申购|开放赎回,0.018799639
2016-04-26,2.155,3.084,2.896,2.152,0.37,开放申购|开放赎回,0.021155174
2016-04-25,2.147,3.0726,2.886,2.145,-0.46,开放申购|开放赎回,0.025081224
2016-04-22,2.157,3.0869,2.898,2.156,0.47,开放申购|开放赎回,0.029154681
2016-04-21,2.147,3.0726,2.886,2.146,-0.32,开放申购|开放赎回,0.032988765
2016-04-20,2.154,3.0826,2.894,2.148,-0.42,开放申购|开放赎回,0.033568664
2016-04-19,2.163,3.0955,2.905,2.161,0.28,开放申购|开放赎回,0.03384381
2016-04-18,2.157,3.0869,2.898,2.154,-1.1,开放申购|开放赎回,0.033959086
2016-04-15,2.181,3.1212,2.926,2.178,0.14,开放申购|开放赎回,0.033923325
2016-04-14,2.178,3.1169,2.923,2.174,0.37,开放申购|开放赎回,0.03623144
2016-04-13,2.17,3.1055,2.913,2.168,1.26,开放申购|开放赎回,0.038382362
2016-04-12,2.143,3.0668,2.881,2.142,-0.23,开放申购|开放赎回,0.047157647
2016-04-11,2.148,3.074,2.887,2.144,1.13,开放申购|开放赎回,0.057744075
2016-04-08,2.124,3.0397,2.859,2.124,-0.7,开放申购|开放赎回,0.064278748
2016-04-07,2.139,3.0611,2.877,2.139,-1.29,开放申购|开放赎回,0.071464652
2016-04-06,2.167,3.1012,2.91,2.165,-0.55,开放申购|开放赎回,0.072014215
2016-04-05,2.179,3.1184,2.924,2.175,0.55,开放申购|开放赎回,0.071950622
2016-04-01,2.167,3.1012,2.91,2.165,0.51,开放申购|开放赎回,0.070648564
2016-03-31,2.156,3.0854,2.897,2.156,-0.05,开放申购|开放赎回,0.070810058
2016-03-30,2.157,3.0869,2.898,2.158,2.32,开放申购|开放赎回,0.07074059
2016-03-29,2.108,3.0168,2.84,2.104,-0.71,开放申购|开放赎回,0.070185927
2016-03-28,2.123,3.0382,2.858,2.121,-1.21,开放申购|开放赎回,0.071243189
2016-03-25,2.149,3.0754,2.889,2.145,0.51,开放申购|开放赎回,0.074016937
2016-03-24,2.138,3.0597,2.876,2.14,-1.7,开放申购|开放赎回,0.07456328
2016-03-23,2.175,3.1126,2.919,2.171,0.09,开放申购|开放赎回,0.074450817
2016-03-22,2.173,3.1098,2.917,2.169,-0.91,开放申购|开放赎回,0.073348828
2016-03-21,2.193,3.1384,2.941,2.192,2.38,开放申购|开放赎回,0.070777424
2016-03-18,2.142,3.0654,2.88,2.14,0.47,开放申购|开放赎回,0.06701103
2016-03-17,2.132,3.0511,2.868,2.132,-0.23,开放申购|开放赎回,0.06463248
2016-03-16,2.137,3.0583,2.874,2.135,1.67,开放申购|开放赎回,0.064645986
2016-03-15,2.102,3.0082,2.833,2.098,1.06,开放申购|开放赎回,0.061834559
2016-03-14,2.08,2.9767,2.807,2.076,0.34,开放申购|开放赎回,0.060551261
2016-03-11,2.073,2.9667,2.799,2.066,0.44,开放申购|开放赎回,0.06016614
2016-03-10,2.064,2.9538,2.788,2.059,-2.32,开放申购|开放赎回,0.060199057
2016-03-09,2.113,3.0239,2.846,2.107,-0.19,开放申购|开放赎回,0.059811043
2016-03-08,2.117,3.0296,2.851,2.115,0.38,开放申购|开放赎回,0.058968139
2016-03-07,2.109,3.0182,2.841,2.111,-0.71,开放申购|开放赎回,0.059961913
2016-03-04,2.124,3.0397,2.859,2.122,3.31,开放申购|开放赎回,0.057979624
2016-03-03,2.056,2.9423,2.778,2.053,0.49,开放申购|开放赎回,0.055134694
2016-03-02,2.046,2.928,2.767,2.049,3.49,开放申购|开放赎回,0.059149722
2016-03-01,1.977,2.8293,2.685,1.971,1.49,开放申购|开放赎回,0.06171813
2016-02-29,1.948,2.7878,2.651,1.937,-0.56,开放申购|开放赎回,0.065046235
2016-02-26,1.959,2.8035,2.664,1.956,1.24,开放申购|开放赎回,0.066273805
2016-02-25,1.935,2.7692,2.635,1.936,-5.29,开放申购|开放赎回,0.074203696
2016-02-24,2.043,2.9237,2.763,2.039,0.59,开放申购|开放赎回,0.076629764
2016-02-23,2.031,2.9066,2.749,2.03,-1.17,开放申购|开放赎回,0.091966517
2016-02-22,2.055,2.9409,2.777,2.054,2.44,开放申购|开放赎回,0.101630212
2016-02-19,2.006,2.8708,2.719,2.006,-0.25,开放申购|开放赎回,0.109387853
2016-02-18,2.011,2.8779,2.725,2.011,-0.3,开放申购|开放赎回,0.126236418
2016-02-17,2.017,2.8865,2.732,2.013,0.7,开放申购|开放赎回,0.14046018
2016-02-16,2.003,2.8665,2.716,2.001,2.67,开放申购|开放赎回,0.152713408
2016-02-15,1.951,2.7921,2.654,1.949,-0.96,开放申购|开放赎回,0.161243601
2016-02-05,1.97,2.8193,2.677,1.968,-0.35,开放申购|开放赎回,0.171233393
2016-02-04,1.977,2.8293,2.685,1.978,1.07,开放申购|开放赎回,0.179038945
2016-02-03,1.956,2.7992,2.66,1.953,-0.86,开放申购|开放赎回,0.186514071
2016-02-02,1.973,2.8236,2.68,1.975,1.6,开放申购|开放赎回,0.190581593
2016-02-01,1.942,2.7792,2.644,1.942,-1.87,开放申购|开放赎回,0.194265682
2016-01-29,1.979,2.8321,2.687,1.975,3.13,开放申购|开放赎回,0.191476612
2016-01-28,1.919,2.7463,2.616,1.915,-2.04,开放申购|开放赎回,0.188258104
2016-01-27,1.959,2.8035,2.664,1.957,0.05,开放申购|开放赎回,0.179620852
2016-01-26,1.958,2.8021,2.662,1.958,-5.41,开放申购|开放赎回,0.172162383
2016-01-25,2.07,2.9624,2.795,2.065,0.19,开放申购|开放赎回,0.163984931
2016-01-22,2.066,2.9567,2.79,2.067,0.98,开放申购|开放赎回,0.159132667
2016-01-21,2.046,2.928,2.767,2.043,-2.25,开放申购|开放赎回,0.153773161
2016-01-20,2.093,2.9953,2.822,2.091,-1.83,开放申购|开放赎回,0.146305856
2016-01-19,2.132,3.0511,2.868,2.13,2.8,开放申购|开放赎回,0.140541547
2016-01-18,2.074,2.9681,2.8,2.07,-0.1,开放申购|开放赎回,0.136358284
2016-01-15,2.076,2.971,2.802,2.07,-2.81,开放申购|开放赎回,0.1277594
2016-01-14,2.136,3.0568,2.873,2.131,1.23,开放申购|开放赎回,0.118886423
2016-01-13,2.11,3.0196,2.842,2.112,-1.17,开放申购|开放赎回,0.112788893
2016-01-12,2.135,3.0554,2.872,2.131,0.47,开放申购|开放赎回,0.102447205
2016-01-11,2.125,3.0411,2.86,2.125,-4.37,开放申购|开放赎回,0.092296349
2016-01-08,2.222,3.1799,2.975,2.219,1.74,开放申购|开放赎回,0.079949014
2016-01-07,2.184,3.1255,2.93,2.177,-5.78,开放申购|开放赎回,0.074312179
2016-01-06,2.318,3.3173,3.089,2.317,1.27,开放申购|开放赎回,0.063014138
2016-01-05,2.289,3.2758,3.054,2.286,0.75,开放申购|开放赎回,0.061398463
2016-01-04,2.272,3.2515,3.034,2.278,-6.08,开放申购|开放赎回,0.057567042
2015-12-31,2.419,3.4618,3.208,2.416,-0.49,开放申购|开放赎回,0.052396323
2015-12-30,2.431,3.479,3.222,2.424,0,开放申购|开放赎回,0.053311932
2015-12-29,2.431,3.479,3.222,2.432,0.83,开放申购|开放赎回,0.053419281
2015-12-28,2.411,3.4504,3.199,2.412,-3.09,开放申购|开放赎回,0.053666585
2015-12-25,2.488,3.5606,3.29,2.486,0.44,开放申购|开放赎回,0.053901826
2015-12-24,2.477,3.5448,3.277,2.478,-0.8,开放申购|开放赎回,0.052692602
2015-12-23,2.497,3.5735,3.301,2.499,0.24,开放申购|开放赎回,0.052407379
2015-12-22,2.491,3.5649,3.293,2.49,-0.16,开放申购|开放赎回,0.052676076
2015-12-21,2.495,3.5706,3.298,2.499,3.1,开放申购|开放赎回,0.054379213
2015-12-18,2.42,3.4633,3.209,2.422,0.62,开放申购|开放赎回,0.056316276
2015-12-17,2.405,3.4418,3.192,2.401,1.31,开放申购|开放赎回,0.058052057
2015-12-16,2.374,3.3974,3.155,2.372,-0.29,开放申购|开放赎回,0.057996274
2015-12-15,2.381,3.4074,3.163,2.382,-1.2,开放申购|开放赎回,0.057602881
2015-12-14,2.41,3.4489,3.198,2.415,2.9,开放申购|开放赎回,0.063700448
2015-12-11,2.342,3.3516,3.117,2.344,-0.59,开放申购|开放赎回,0.068617346
2015-12-10,2.356,3.3717,3.134,2.355,-0.51,开放申购|开放赎回,0.070149954
2015-12-09,2.368,3.3888,3.148,2.369,0.21,开放申购|开放赎回,0.071931161
2015-12-08,2.363,3.3817,3.142,2.366,-1.25,开放申购|开放赎回,0.074124538
2015-12-07,2.393,3.4246,3.177,2.39,-0.08,开放申购|开放赎回,0.07459476
2015-12-04,2.395,3.4275,3.18,2.398,-2.56,开放申购|开放赎回,0.075374079
2015-12-03,2.458,3.5176,3.254,2.46,0.12,开放申购|开放赎回,0.076180073
2015-12-02,2.455,3.5133,3.251,2.462,4.74,开放申购|开放赎回,0.076837371
2015-12-01,2.344,3.3545,3.119,2.339,0.39,开放申购|开放赎回,0.077629862
2015-11-30,2.335,3.3416,3.109,2.329,0.04,开放申购|开放赎回,0.077575503
2015-11-27,2.334,3.3402,3.108,2.318,-4.62,开放申购|开放赎回,0.077881143
2015-11-26,2.447,3.5019,3.241,2.447,-0.33,开放申购|开放赎回,0.077737615
2015-11-25,2.455,3.5133,3.251,2.454,0.45,开放申购|开放赎回,0.079192447
2015-11-24,2.444,3.4976,3.238,2.444,-0.37,开放申购|开放赎回,0.08228962
2015-11-23,2.453,3.5105,3.248,2.45,-0.37,开放申购|开放赎回,0.084033115
2015-11-20,2.462,3.5234,3.259,2.459,-0.08,开放申购|开放赎回,0.084862194
2015-11-19,2.464,3.5262,3.261,2.471,1.15,开放申购|开放赎回,0.088169644
2015-11-18,2.436,3.4862,3.228,2.438,-0.53,开放申购|开放赎回,0.09163117
2015-11-17,2.449,3.5048,3.244,2.45,0.25,开放申购|开放赎回,0.098429559
2015-11-16,2.443,3.4962,3.237,2.449,-0.04,开放申购|开放赎回,0.104803242
2015-11-13,2.444,3.4976,3.238,2.444,-1.13,开放申购|开放赎回,0.107057622
2015-11-12,2.472,3.5377,3.271,2.47,-1.12,开放申购|开放赎回,0.108806377
2015-11-11,2.5,3.5777,3.304,2.504,-0.68,开放申购|开放赎回,0.107886174
2015-11-10,2.517,3.6021,3.324,2.521,-0.44,开放申购|开放赎回,0.104323662
2015-11-09,2.528,3.6178,3.337,2.532,1.57,开放申购|开放赎回,0.096424046
2015-11-06,2.489,3.562,3.291,2.499,2.13,开放申购|开放赎回,0.086273216
2015-11-05,2.437,3.4876,3.23,2.445,2.87,开放申购|开放赎回,0.077276307
2015-11-04,2.369,3.3903,3.149,2.386,4.22,开放申购|开放赎回,0.071193512
2015-11-03,2.273,3.2529,3.035,2.272,-0.35,开放申购|开放赎回,0.067466816
2015-11-02,2.281,3.2643,3.045,2.283,-1.38,开放申购|开放赎回,0.06949271
2015-10-30,2.313,3.3101,3.083,2.31,0.26,开放申购|开放赎回,0.069554213
2015-10-29,2.307,3.3015,3.076,2.311,-0.17,开放申购|开放赎回,0.069589973
2015-10-28,2.311,3.3073,3.08,2.308,-1.62,开放申购|开放赎回,0.069063356
2015-10-27,2.349,3.3617,3.125,2.348,0,开放申购|开放赎回,0.068393629
2015-10-26,2.349,3.3617,3.125,2.35,0.26,开放申购|开放赎回,0.066471323
2015-10-23,2.343,3.3531,3.118,2.35,0.47,开放申购|开放赎回,0.065280474
2015-10-22,2.332,3.3373,3.105,2.333,-0.34,开放申购|开放赎回,0.061290565
2015-10-21,2.34,3.3488,3.115,2.32,0.13,开放申购|开放赎回,0.057926519
2015-10-20,2.337,3.3445,3.111,2.341,0.78,开放申购|开放赎回,0.05501306
2015-10-19,2.319,3.3187,3.09,2.32,-0.22,开放申购|开放赎回,0.050758624
2015-10-16,2.324,3.3259,3.096,2.322,1.09,开放申购|开放赎回,0.050098076
2015-10-15,2.299,3.2901,3.066,2.304,1.91,开放申购|开放赎回,0.065097531
2015-10-14,2.256,3.2286,3.015,2.258,-0.75,开放申购|开放赎回,0.083074409
2015-10-13,2.273,3.2529,3.035,2.279,-0.53,开放申购|开放赎回,0.085186044
2015-10-12,2.285,3.2701,3.05,2.288,2.84,开放申购|开放赎回,0.084976948
2015-10-09,2.222,3.1799,2.975,2.221,1.23,开放申购|开放赎回,0.089311286
2015-10-08,2.195,3.1413,2.943,2.196,2.05,开放申购|开放赎回,0.100175272
2015-09-30,2.151,3.0783,2.891,2.147,0.89,开放申购|开放赎回,0.10844523
2015-09-29,2.132,3.0511,2.868,2.127,-1.93,开放申购|开放赎回,0.126255484
2015-09-28,2.174,3.1112,2.918,2.174,-0.59,开放申购|开放赎回,0.142412825
2015-09-25,2.187,3.1298,2.934,2.171,-0.23,开放申购|开放赎回,0.156362638
2015-09-24,2.192,3.137,2.939,2.187,0.41,开放申购|开放赎回,0.167216715
2015-09-23,2.183,3.1241,2.929,2.18,-2.54,开放申购|开放赎回,0.17826353
2015-09-22,2.24,3.2057,2.996,2.237,1.04,开放申购|开放赎回,0.189134997
2015-09-21,2.217,3.1727,2.969,2.212,0.68,开放申购|开放赎回,0.193638542
2015-09-18,2.202,3.1513,2.951,2.198,0.18,开放申购|开放赎回,0.196197558
2015-09-17,2.198,3.1456,2.947,2.198,-2.05,开放申购|开放赎回,0.198737903
2015-09-16,2.244,3.2114,3.001,2.242,2.98,开放申购|开放赎回,0.202474815
2015-09-15,2.179,3.1184,2.924,2.167,-2.33,开放申购|开放赎回,0.204272806
2015-09-14,2.231,3.1928,2.986,2.223,1.46,开放申购|开放赎回,0.203803334
2015-09-11,2.199,3.147,2.948,2.193,-0.59,开放申购|开放赎回,0.204346474
2015-09-10,2.212,3.1656,2.963,2.206,-0.09,开放申购|开放赎回,0.205538922
2015-09-09,2.214,3.1685,2.966,2.209,1.42,开放申购|开放赎回,0.20516391
2015-09-08,2.183,3.1241,2.929,2.177,2.15,开放申购|开放赎回,0.204640321
2015-09-07,2.137,3.0583,2.874,2.14,-4.85,开放申购|开放赎回,0.212561772
2015-09-02,2.246,3.2142,3.003,2.236,0.63,开放申购|开放赎回,0.219863022
2015-09-01,2.232,3.1942,2.987,2.228,0.86,开放申购|开放赎回,0.22531535
2015-08-31,2.213,3.167,2.964,2.209,2.31,开放申购|开放赎回,0.23057613
2015-08-28,2.163,3.0955,2.905,2.168,3.05,开放申购|开放赎回,0.234027368
2015-08-27,2.099,3.0039,2.829,2.11,7.7,开放申购|开放赎回,0.235276235
2015-08-26,1.949,2.7892,2.652,1.946,1.46,开放申购|开放赎回,0.228892408
2015-08-25,1.921,2.7491,2.619,1.886,-6.88,开放申购|开放赎回,0.207365201
2015-08-24,2.063,2.9524,2.787,2.047,-9.32,开放申购|开放赎回,0.1721768
2015-08-21,2.275,3.2558,3.038,2.274,-3.6,开放申购|开放赎回,0.151559499
2015-08-20,2.36,3.3774,3.138,2.361,-2.96,开放申购|开放赎回,0.150428293
2015-08-19,2.432,3.4804,3.224,2.427,0.91,开放申购|开放赎回,0.146570139
2015-08-18,2.41,3.4489,3.198,2.41,-5.56,开放申购|开放赎回,0.141929252
2015-08-17,2.552,3.6522,3.366,2.548,-1.01,开放申购|开放赎回,0.138710664
2015-08-14,2.578,3.6894,3.396,2.575,-0.12,开放申购|开放赎回,0.138757276
2015-08-13,2.581,3.6937,3.4,2.576,0.78,开放申购|开放赎回,0.138687344
2015-08-12,2.561,3.665,3.376,2.564,-1.16,开放申购|开放赎回,0.138170809
2015-08-11,2.591,3.708,3.412,2.59,-1.03,开放申购|开放赎回,0.137853929
2015-08-10,2.618,3.7466,3.444,2.616,4.47,开放申购|开放赎回,0.14169688
2015-08-07,2.506,3.5863,3.311,2.504,1.46,开放申购|开放赎回,0.141397821
2015-08-06,2.47,3.5348,3.269,2.471,-0.8,开放申购|开放赎回,0.138044008
2015-08-05,2.49,3.5634,3.292,2.491,-1.85,开放申购|开放赎回,0.13969412
2015-08-04,2.537,3.6307,3.348,2.54,2.17,开放申购|开放赎回,0.14705603
2015-08-03,2.483,3.5534,3.284,2.478,0.77,开放申购|开放赎回,0.151639758
2015-07-31,2.464,3.5262,3.261,2.462,-0.24,开放申购|开放赎回,0.147037395
2015-07-30,2.47,3.5348,3.269,2.469,-2.53,开放申购|开放赎回,0.14831047
2015-07-29,2.534,3.6264,3.344,2.534,1.85,开放申购|开放赎回,0.157538479
2015-07-28,2.488,3.5606,3.29,2.484,-0.32,开放申购|开放赎回,0.164760209
2015-07-27,2.496,3.572,3.299,2.494,-8.94,开放申购|开放赎回,0.171004806
2015-07-24,2.741,3.9226,3.589,2.745,-1.79,开放申购|开放赎回,0.182072264
2015-07-23,2.791,3.9942,3.649,2.794,1.86,开放申购|开放赎回,0.198687371
2015-07-22,2.74,3.9212,3.588,2.737,-1.08,开放申购|开放赎回,0.214640196
2015-07-21,2.77,3.9641,3.624,2.768,-0.4,开放申购|开放赎回,0.229616081
2015-07-20,2.781,3.9799,3.637,2.777,-0.82,开放申购|开放赎回,0.246945852
2015-07-17,2.804,4.0128,3.664,2.803,2.37,开放申购|开放赎回,0.252269196
2015-07-16,2.739,3.9198,3.587,2.74,-0.54,开放申购|开放赎回,0.257252155
2015-07-15,2.754,3.9412,3.605,2.749,-0.18,开放申购|开放赎回,0.257259208
2015-07-14,2.759,3.9484,3.611,2.762,-3.67,开放申购|开放赎回,0.257162592
2015-07-13,2.864,4.0987,3.735,2.862,-1,开放申购|开放赎回,0.256254814
2015-07-10,2.893,4.1402,3.769,2.905,4.29,开放申购|开放赎回,0.255094666
2015-07-09,2.774,3.9699,3.628,2.792,6.49,开放申购|开放赎回,0.254612821
2015-07-08,2.605,3.728,3.428,2.604,-7.13,开放申购|开放赎回,0.255606837
2015-07-07,2.805,4.0142,3.665,2.79,2.41,开放申购|开放赎回,0.247586186
2015-07-06,2.739,3.9198,3.587,2.742,6.49,开放申购|开放赎回,0.246317105
2015-07-03,2.572,3.6808,3.389,2.579,-4.49,开放申购|开放赎回,0.239183813
2015-07-02,2.693,3.8539,3.533,2.684,-0.81,开放申购|开放赎回,0.219013895
2015-07-01,2.715,3.8854,3.559,2.728,-4.64,开放申购|开放赎回,0.204271571
2015-06-30,2.847,4.0743,3.715,2.851,7.19,开放申购|开放赎回,0.190888801
2015-06-29,2.656,3.801,3.489,2.66,-2.25,开放申购|开放赎回,0.18685479
2015-06-26,2.717,3.8883,3.561,2.686,-7.05,开放申购|开放赎回,0.166212037
2015-06-25,2.923,4.1831,3.805,2.919,-3.34,开放申购|开放赎回,0.142791951
2015-06-24,3.024,4.3276,3.924,3.018,1.41,开放申购|开放赎回,0.13633645
2015-06-23,2.982,4.2675,3.875,2.976,3.58,开放申购|开放赎回,0.133758699
2015-06-19,2.879,4.1201,3.753,2.874,-5.23,开放申购|开放赎回,0.129349482
2015-06-18,3.038,4.3477,3.941,3.042,-4.44,开放申购|开放赎回,0.118822789
2015-06-17,3.179,4.5495,4.108,3.175,0.98,开放申购|开放赎回,0.118706636
2015-06-16,3.148,4.5051,4.071,3.148,-2.36,开放申购|开放赎回,0.119939376
2015-06-15,3.224,4.6139,4.161,3.216,-2.6,开放申购|开放赎回,0.120698927
2015-06-12,3.31,4.7369,4.263,3.313,0.12,开放申购|开放赎回,0.120639655
2015-06-11,3.306,4.7312,4.258,3.3,-0.63,开放申购|开放赎回,0.117796244
2015-06-10,3.327,4.7613,4.283,3.32,-1.19,开放申购|开放赎回,0.115592233
2015-06-09,3.367,4.8185,4.33,3.361,-1.26,开放申购|开放赎回,0.112529991
2015-06-08,3.41,4.88,4.381,3.427,4.67,开放申购|开放赎回,0.107635747
2015-06-05,3.258,4.6625,4.201,3.254,0.12,开放申购|开放赎回,0.095055029
2015-06-04,3.254,4.6568,4.197,3.259,1.85,开放申购|开放赎回,0.093775723
2015-06-03,3.195,4.5724,4.127,3.191,-0.44,开放申购|开放赎回,0.09310215
2015-06-02,3.209,4.5924,4.143,3.209,0.41,开放申购|开放赎回,0.0927583
2015-06-01,3.196,4.5738,4.128,3.198,4.21,开放申购|开放赎回,0.0927583
2015-05-29,3.067,4.3892,3.975,3.066,-0.42,开放申购|开放赎回,0.0927583
2015-05-28,3.08,4.4078,3.991,3.079,-6.38,开放申购|开放赎回,0.0927583
2015-05-27,3.29,4.7083,4.239,3.285,-1.08,开放申购|开放赎回,0.0927583
2015-05-26,3.326,4.7598,4.282,3.32,1.03,开放申购|开放赎回,0.0927583
2015-05-25,3.292,4.7112,4.242,3.303,2.97,开放申购|开放赎回,0.0927583
2015-05-22,3.197,4.5752,4.129,3.199,3.03,开放申购|开放赎回,0.0927583
2015-05-21,3.103,4.4407,4.018,3.104,0.88,开放申购|开放赎回,0.0927583
2015-05-20,3.076,4.4021,3.986,3.066,0.42,开放申购|开放赎回,0.0927583
2015-05-19,3.063,4.3835,3.971,3.066,3.83,开放申购|开放赎回,0.0927583
2015-05-18,2.95,4.2217,3.837,2.946,-1.99,开放申购|开放赎回,0.0927583
2015-05-15,3.01,4.3076,3.908,3.006,-2.11,开放申购|开放赎回,0.0927583
2015-05-14,3.075,4.4006,3.985,3.073,-0.42,开放申购|开放赎回,0.0927583
2015-05-13,3.088,4.4192,4,3.084,-1.44,开放申购|开放赎回,0.0927583
2015-05-12,3.133,4.4836,4.053,3.129,0.58,开放申购|开放赎回,0.0927583
2015-05-11,3.115,4.4579,4.032,3.11,1.86,开放申购|开放赎回,0.0927583
2015-05-08,3.058,4.3763,3.965,3.055,0.49,开放申购|开放赎回,0.0927583
2015-05-07,3.043,4.3548,3.947,3.045,-1.39,开放申购|开放赎回,0.0927583
2015-05-06,3.086,4.4164,3.998,3.083,-0.29,开放申购|开放赎回,0.0927583
2015-05-05,3.095,4.4293,4.008,3.096,-3.7,开放申购|开放赎回,0.0927583
2015-05-04,3.214,4.5996,4.149,3.211,0.63,开放申购|开放赎回,0.0927583
2015-04-30,3.194,4.5709,4.126,3.198,-0.93,开放申购|开放赎回,0.0927583
2015-04-29,3.224,4.6139,4.161,3.22,0,开放申购|开放赎回,0.0927583
2015-04-28,3.224,4.6139,4.161,3.228,-0.77,开放申购|开放赎回,0.0927583
2015-04-27,3.249,4.6496,4.191,3.255,2.59,开放申购|开放赎回,0.0927583
2015-04-24,3.167,4.5323,4.094,3.171,-1.49,开放申购|开放赎回,0.0927583
2015-04-23,3.215,4.601,4.151,3.212,-0.77,开放申购|开放赎回,0.0927583
2015-04-22,3.24,4.6368,4.18,3.241,2.63,开放申购|开放赎回,0.0927583
2015-04-21,3.157,4.518,4.082,3.141,1.54,开放申购|开放赎回,0.0927583
2015-04-20,3.109,4.4493,4.025,3.103,0,开放申购|开放赎回,0.0927583
