date,sigma_ivx,ivx,sigma_gvix,gvix,sigma_bsm,sigma00
2015/4/20,0.505237682,44.07262843,0.50506285,44.39636498,0.108822501,0.0927583
2015/4/21,0.454513144,43.11671273,0.524719924,44.18110518,0.207072052,0.0927583
2015/4/22,0.401297464,40.12974642,0.41351574,41.35157396,0.242408357,0.0927583
2015/4/23,0.410597123,41.05971228,0.416060624,41.60606237,0.245112092,0.0927583
2015/4/24,0.418929947,41.8929947,0.425698535,42.56985353,0.242721573,0.0927583
2015/4/27,0.408505934,40.61363227,0.419327217,41.70714482,0.23867031,0.0927583
2015/4/28,0.434927942,42.93965078,0.439517629,43.42523778,0.243639841,0.0927583
2015/4/29,0.432540638,42.493395,0.436461637,42.92076839,0.244543739,0.0927583
2015/4/30,0.43513727,42.7492183,0.438413929,43.14143614,0.245139318,0.0927583
2015/5/4,0.436739489,42.36732544,0.439346176,42.76763473,0.244786454,0.0927583
2015/5/5,0.432433476,42.13432344,0.433183502,42.35399639,0.123384441,0.0927583
2015/5/6,0.42460746,42.05733554,0.425533674,42.34240057,0.154882901,0.0927583
2015/5/7,0.448047619,43.28518827,0.454516373,43.90040104,0.283257209,0.0927583
2015/5/8,0.42830643,42.78420663,0.434225415,43.38123138,0.245443809,0.0927583
2015/5/11,0.420023363,42.32450903,0.418563369,42.51734914,0.106628184,0.0927583
2015/5/12,0.423602391,42.51546853,0.424817589,42.78497653,0.077382766,0.0927583
2015/5/13,0.408177149,42.18215219,0.409948386,42.53854946,0.163780389,0.0927583
2015/5/14,0.396101315,41.65089145,0.400170132,42.13245265,0.150036495,0.0927583
2015/5/15,0.364864995,39.05650879,0.363887577,39.16001952,0.193685366,0.0927583
2015/5/18,0.354494519,37.19171032,0.352904181,37.1095817,0.200221227,0.0927583
2015/5/19,0.402880867,37.4369666,0.410244875,37.77896107,0.231275164,0.0927583
2015/5/20,0.386010589,39.3882264,0.388553761,39.60301777,0.22914935,0.0927583
2015/5/21,0.410220307,39.36632514,0.410375438,39.41968633,0.147126278,0.0927583
2015/5/22,0.422673475,39.740657,0.423199023,40.01129397,0.285381833,0.0927583
2015/5/25,0.504358642,40.88384157,0.505128554,41.36539118,0.325312482,0.0927583
2015/5/26,0.520925837,41.97403799,0.5376009,42.59349209,0.30901795,0.0927583
2015/5/27,0.435048896,42.66054258,0.440724923,43.24819536,0.395794869,0.0927583
2015/5/28,0.444837791,44.13110918,0.446332388,44.30758034,0.431288192,0.0927583
2015/5/29,0.455314695,43.28044901,0.459066854,43.47078761,0.399978736,0.0927583
2015/6/1,0.459519216,42.96824341,0.459718644,43.00663749,0.451745152,0.0927583
2015/6/2,0.466135748,43.97438436,0.468556348,44.23022035,0.468435563,0.0927583
2015/6/3,0.483858625,44.30371004,0.485348759,44.41933403,0.474360853,0.09310215
2015/6/4,0.464158442,42.98961307,0.471899704,43.74491912,0.405008247,0.093775723
2015/6/5,0.469695957,43.26983179,0.477130463,43.94875195,0.389334924,0.095055029
2015/6/8,0.42826739,39.9541738,0.435710198,40.99856673,0.114605997,0.107635747
2015/6/9,0.485785016,44.97965109,0.491695079,45.80396997,0.437052134,0.112529991
2015/6/10,0.483262087,46.00205524,0.484664929,46.95645505,0.422244561,0.115592233
2015/6/11,0.495467473,48.02750782,0.496330306,48.70161212,0.408112095,0.117796244
2015/6/12,0.473960976,48.50400797,0.474778141,49.27767973,0.33455999,0.120639655
2015/6/15,0.470494597,46.54758514,0.469210407,47.23014967,0.402524112,0.120698927
2015/6/16,0.45715935,44.99468398,0.469382748,45.06321362,0.453099197,0.119939376
2015/6/17,0.483739282,44.95963696,0.48690445,44.83134298,0.444823211,0.118706636
2015/6/18,0.344037707,47.49393801,0.369422912,47.48554903,0.506284375,0.118822789
2015/6/19,0.358982983,52.1013155,0.358666962,51.49000412,0.129349482,0.129349482
2015/6/23,0.600100458,51.52135291,0.616865019,50.92453799,0.133758699,0.133758699
2015/6/24,0.506952248,49.86609833,0.504502649,49.71825972,0.13633645,0.13633645
2015/6/25,0.481403144,47.70462207,0.476143138,47.27992199,0.502252305,0.142791951
2015/6/26,0.567888316,54.75772009,0.554359694,53.59677636,0.33008934,0.166212037
2015/6/29,0.761898874,66.94372557,0.758502401,66.16209938,0.416530307,0.18685479
2015/6/30,0.664217943,61.64517132,0.658843539,61.45375299,0.705989698,0.190888801
2015/7/1,0.627352683,59.77018395,0.618858746,59.32832811,0.700135487,0.204271571
2015/7/2,0.668110174,62.38537093,0.656168575,61.59808485,0.758187356,0.219013895
2015/7/3,0.682366653,62.67061026,0.670060222,61.6283803,0.387114484,0.239183813
2015/7/6,0.694103179,64.183468,0.688020304,63.57589981,0.746992513,0.246317105
2015/7/7,0.613412898,58.02096026,0.613070487,57.92917012,0.594632197,0.247586186
2015/7/8,0.748713753,62.52458177,0.740884996,62.06102587,0.721809419,0.255606837
2015/7/9,0.704785658,58.59500011,0.702814107,58.80190699,0.741725992,0.254612821
2015/7/10,0.679711591,56.64232722,0.683863276,57.14690801,0.61088741,0.255094666
2015/7/13,0.655191954,56.21532188,0.657383757,56.3768975,0.564873255,0.256254814
2015/7/14,0.544603014,52.08902485,0.54258874,51.98340081,0.654358571,0.257162592
2015/7/15,0.490923454,48.5849405,0.487572634,48.53745887,0.753164134,0.257259208
2015/7/16,0.432166515,43.89020247,0.43273808,43.9558035,0.356883618,0.257252155
2015/7/17,0.418104381,41.8882816,0.417824714,42.059412,0.31926172,0.252269196
2015/7/20,0.514056646,42.79763707,0.512802193,43.42983847,0.246945852,0.246945852
2015/7/21,0.498940438,41.94087747,0.528790646,42.287285,0.229616081,0.229616081
2015/7/22,0.327457574,32.7457574,0.325089981,32.50899812,0.214640196,0.214640196
2015/7/23,0.287469335,28.74693354,0.292242792,29.22427915,-0.057510754,0.198687371
2015/7/24,0.328148168,32.81481681,0.329984314,32.99843138,0.029292205,0.182072264
2015/7/27,0.412121154,40.89742341,0.412105484,40.86870944,0.229829222,0.171004806
2015/7/28,0.390726055,39.44682461,0.385766492,38.94530805,0.27140575,0.164760209
2015/7/29,0.442285281,43.93550156,0.443513096,43.9755894,0.247686365,0.157538479
2015/7/30,0.379897799,38.91716685,0.370671661,38.02776085,0.251738818,0.14831047
2015/7/31,0.422985361,41.93760613,0.421079774,41.68972849,0.284620996,0.147037395
2015/8/3,0.443409348,42.95533308,0.438178886,42.53815699,0.279550326,0.151639758
2015/8/4,0.40430072,40.63033141,0.404947284,40.68108515,0.236991327,0.14705603
2015/8/5,0.399468072,40.41703965,0.399283595,40.19065137,0.244576478,0.13969412
2015/8/6,0.410999579,41.44453045,0.413264242,41.38384189,0.239044862,0.138044008
2015/8/7,0.40534719,40.94752284,0.403337832,40.53742243,0.245349604,0.141397821
2015/8/10,0.396475136,41.17033887,0.398130271,41.34830221,0.094753337,0.14169688
2015/8/11,0.395364028,40.63220863,0.396893136,40.64513028,0.13046719,0.137853929
2015/8/12,0.387847788,39.93102314,0.388137622,39.74533435,0.22904188,0.138170809
2015/8/13,0.389749579,40.22073197,0.394549134,40.4255965,0.211906624,0.138687344
2015/8/14,0.378293988,40.43090399,0.384778163,40.79332651,0.124844961,0.138757276
2015/8/17,0.391821004,40.10523241,0.391541103,40.36540496,0.311060374,0.138710664
2015/8/18,0.403160848,37.90253723,0.405126502,37.90725568,0.121264228,0.141929252
2015/8/19,0.377894857,37.77371265,0.379726208,37.28236957,0.111582708,0.146570139
2015/8/20,0.329310983,35.54319379,0.330628149,35.42205386,0.201438018,0.150428293
2015/8/21,0.389897348,34.61041681,0.393312569,34.42555666,0.211925572,0.151559499
2015/8/24,3.635304087,104.6025215,0.211768669,21.17686689,0.475507359,0.1721768
2015/8/25,7.673365458,132.2763295,0.425028656,42.50286561,0.672421592,0.207365201
2015/8/26,0.608251798,59.31694158,0.586018831,57.07966237,0.511165998,0.228892408
2015/8/27,0.618440673,59.99831205,0.60873834,59.08418791,0.295021053,0.235276235
2015/8/28,0.628811024,60.52924093,0.62492848,60.24360682,0.32585155,0.234027368
2015/8/31,0.680605016,63.41212689,0.679119163,63.08142096,0.260883781,0.23057613
2015/9/1,0.709125868,64.74684459,0.711773793,64.44136979,0.21066227,0.22531535
2015/9/2,0.630153103,56.21659003,0.646594688,57.43383246,0.173484772,0.219863022
2015/9/7,0.68859157,58.59440058,0.688980091,58.68809756,0.388784098,0.212561772
2015/9/8,0.53221,47.7514933,0.535855482,48.40413345,0.346651358,0.204640321
2015/9/9,0.536365904,45.6889301,0.540880542,46.44787185,0.326794425,0.20516391
2015/9/10,0.467791451,41.73248751,0.471328085,42.45464053,0.285543447,0.205538922
2015/9/11,0.450598838,41.36031246,0.453504804,42.01769616,0.294187871,0.204346474
2015/9/14,0.497048719,36.63158436,0.502898415,37.33814054,-0.193866507,0.203803334
2015/9/15,0.542525521,45.1618524,0.547304716,46.05102029,0.214597432,0.204272806
2015/9/16,0.446823329,41.1088355,0.45129696,42.40205575,0.29296519,0.202474815
2015/9/17,0.468314473,41.53471141,0.471655152,42.35730916,0.34116769,0.198737903
2015/9/18,0.424499277,41.09361333,0.42680222,41.76408681,0.325354942,0.196197558
2015/9/21,0.48074101,40.7093938,0.487334623,41.36697485,0.457362432,0.193638542
2015/9/22,0.393694934,37.46235144,0.40739981,38.27700885,0.096835714,0.189134997
2015/9/23,0.391731033,39.17310331,0.398585156,39.85851558,0.158500587,0.17826353
2015/9/24,0.380128653,38.01286527,0.385854893,38.58548929,0.150607135,0.167216715
2015/9/25,0.347356237,34.73562366,0.355341833,35.53418327,0.141047463,0.156362638
2015/9/28,0.325065252,32.29003123,0.330916829,32.80717997,0.13875378,0.142412825
2015/9/29,0.327021891,33.24317371,0.332462756,33.68020476,0.161996677,0.126255484
2015/9/30,0.321769353,31.69354725,0.325418994,31.98804631,0.150316414,0.10844523
2015/10/8,0.329792762,31.78084874,0.334579428,32.08464353,0.151800649,0.100175272
2015/10/9,0.356807904,30.78548714,0.361022253,31.26479845,0.128715112,0.089311286
2015/10/12,0.341465311,37.8791666,0.347075428,37.80206925,0.070809451,0.084976948
2015/10/13,0.380415995,31.88882013,0.386642382,32.40461156,0.091891413,0.085186044
2015/10/14,0.345086385,30.80209066,0.347525996,30.96798333,0.112488784,0.083074409
2015/10/15,0.317865145,26.49747159,0.319543876,26.62555388,0.05211742,0.065097531
2015/10/16,0.211228619,29.60508532,0.212508517,30.19962518,0.028529781,0.050098076
2015/10/19,0.240945231,31.26406301,0.24255443,31.97184794,0.038505194,0.050758624
2015/10/20,0.331762719,28.36306348,0.335045418,28.73101831,0.243659109,0.05501306
2015/10/21,0.252794573,35.39371284,0.254581132,35.45498911,0.044404351,0.057926519
2015/10/22,0.23321188,33.18643935,0.246110543,33.82206872,-0.229275309,0.061290565
2015/10/23,0.32979148,28.84582472,0.330176062,29.26340152,0.245142503,0.065280474
2015/10/26,0.412997987,29.88661198,0.413007743,30.31960845,-0.082209217,0.066471323
2015/10/27,0.493822833,28.59922926,0.499111993,28.96492085,-0.184402891,0.068393629
2015/10/28,0.291798341,29.6885203,0.295235292,29.95367289,0.245076087,0.069063356
2015/10/29,0.281483299,29.03158537,0.284312762,29.21173591,0.244830728,0.069589973
2015/10/30,0.256140735,27.40066926,0.258170494,27.45896408,0.244826083,0.069554213
2015/11/2,0.314276721,31.28147606,0.31719648,31.59748094,0.243050765,0.06949271
2015/11/3,0.318677861,32.05263965,0.323874981,32.49976666,0.238887342,0.067466816
2015/11/4,0.270604275,29.51390649,0.274432363,29.91346925,0.049910958,0.071193512
2015/11/5,0.281148214,32.12034228,0.285314734,32.42682256,0.161253136,0.077276307
2015/11/6,0.250881156,31.81049908,0.25470558,32.05695365,0.192435219,0.086273216
2015/11/9,0.390133257,40.92058836,0.397032159,41.11608289,0.292655958,0.096424046
2015/11/10,0.417277448,42.3129662,0.420440007,42.53948729,0.290349436,0.104323662
2015/11/11,0.366412205,39.7900062,0.36740127,39.77747479,0.201611151,0.107886174
2015/11/12,0.360184922,39.46398649,0.361734108,38.99246057,0.161405082,0.108806377
2015/11/13,0.330284951,38.11613446,0.330323123,38.03641942,0.197419214,0.107057622
2015/11/16,0.373702947,39.13892613,0.373597007,39.07276744,0.252142266,0.104803242
2015/11/17,0.368895358,38.71604222,0.368443021,38.87430383,0.228463046,0.098429559
2015/11/18,0.359250799,35.54988498,0.361628406,35.87615354,0.223811474,0.09163117
2015/11/19,0.300544055,35.91290416,0.308717896,36.33730111,0.192442776,0.088169644
2015/11/20,0.317200551,32.8375117,0.318662762,32.92921076,0.198939162,0.084862194
2015/11/23,0.403191898,32.19616453,0.40325979,32.52023948,0.105767866,0.084033115
2015/11/24,0.479272794,31.5242567,0.486129071,31.76831762,-0.714303115,0.08228962
2015/11/25,0.286205836,29.04956728,0.284493277,28.83970725,-0.088287027,0.079192447
2015/11/26,0.276861638,27.24378769,0.275339875,27.13637222,0.245294642,0.077737615
2015/11/27,0.365392842,36.46847071,0.366496235,36.82768733,0.166693167,0.077881143
2015/11/30,0.370200136,33.34910652,0.373677274,33.59300342,0.165522604,0.077575503
2015/12/1,0.370105916,32.89045547,0.37216287,33.02769584,0.160619198,0.077629862
2015/12/2,0.367281921,32.77217133,0.36867828,33.04541096,0.234896719,0.076837371
2015/12/3,0.327312184,31.29085875,0.328578463,31.54493811,-0.22691355,0.076180073
2015/12/4,0.347357735,32.58978913,0.347499913,32.68362595,0.110650774,0.075374079
2015/12/7,0.326934023,29.93378737,0.327381116,30.10857548,0.128455876,0.07459476
2015/12/8,0.316078454,31.09206579,0.318920353,31.43223812,0.148542009,0.074124538
2015/12/9,0.305345757,30.86562215,0.308899301,31.20025278,0.147502883,0.071931161
2015/12/10,0.339980218,30.43015326,0.340413265,30.15757079,0.162905543,0.070149954
2015/12/11,0.336662004,29.89628967,0.337159865,29.93861355,0.194419211,0.068617346
2015/12/14,0.359903683,31.63561473,0.361191158,31.83498813,0.139587681,0.063700448
2015/12/15,0.32773034,31.29128162,0.331252648,31.50274486,0.169758516,0.057602881
2015/12/16,0.257826726,31.17197995,0.266642298,31.43225302,0.109785719,0.057996274
2015/12/17,0.330623593,25.9398834,0.330577834,25.80504367,0.144601209,0.058052057
2015/12/18,0.263437245,28.50070558,0.268179897,28.84954686,0.137402716,0.056316276
2015/12/21,0.397410058,22.66360933,0.400140615,22.79551081,0.054379213,0.054379213
2015/12/22,0.372249604,25.40110823,0.387219362,25.39703506,0.052676076,0.052676076
2015/12/23,0.27029976,27.02997598,0.27443536,27.44353597,0.052407379,0.052407379
2015/12/24,0.297764809,29.77648088,0.301359145,30.13591453,0.243242897,0.052692602
2015/12/25,0.291699245,29.16992448,0.294179088,29.41790881,0.244177484,0.053901826
2015/12/28,0.253250277,26.50951243,0.255767573,26.81675319,0.063981857,0.053666585
2015/12/29,0.299210643,29.54162202,0.300735077,29.68795907,0.047331781,0.053419281
2015/12/30,0.302993598,29.67580893,0.305512272,29.90423319,0.055665555,0.053311932
2015/12/31,0.25165626,25.78092387,0.253796262,25.98734742,0.06423604,0.052396323
2016/1/4,0.336805807,33.7634065,0.337130907,33.93911841,0.213765371,0.057567042
2016/1/5,0.341135004,32.11033437,0.339941297,31.95207481,0.220926209,0.061398463
2016/1/6,0.30721925,30.90050662,0.30995857,30.99402988,0.163527795,0.063014138
2016/1/7,0.37190138,35.14000721,0.373081066,35.11204655,0.292285155,0.074312179
2016/1/8,0.390679627,37.32304427,0.392984112,37.46882988,0.198368891,0.079949014
2016/1/11,0.372403324,35.35288737,0.368547039,35.36074752,0.154482841,0.092296349
2016/1/12,0.411186153,38.92378949,0.415533172,39.31673797,0.2809475,0.102447205
2016/1/13,0.410312186,36.16983971,0.410537808,36.02438963,0.296526614,0.112788893
2016/1/14,0.405183489,38.66023399,0.409506973,39.05356136,0.279737627,0.118886423
2016/1/15,0.3971904,34.97087623,0.397260654,34.73331122,0.364002947,0.1277594
2016/1/18,0.414400203,38.39710373,0.418415139,38.4480851,0.369525291,0.136358284
2016/1/19,0.406180793,37.45307125,0.413818681,37.88993138,0.334268986,0.140541547
2016/1/20,0.390849531,37.66176827,0.394141355,37.96480554,0.373006633,0.146305856
2016/1/21,0.384217707,37.71815361,0.387617166,38.01323959,0.449256855,0.153773161
2016/1/22,0.354800575,35.74281551,0.362019466,35.96336222,0.236580855,0.159132667
2016/1/25,0.399778482,36.59246289,0.405983563,36.76067177,0.163984931,0.163984931
2016/1/26,0.536715786,35.95862615,0.547874811,35.78705799,0.378808599,0.172162383
2016/1/27,0.380604793,37.96181166,0.377444957,37.62855205,0.444776888,0.179620852
2016/1/28,0.370997032,36.8540608,0.367031457,36.41104517,0.443491405,0.188258104
2016/1/29,0.368324605,36.96736351,0.372954598,37.2323336,0.407828709,0.191476612
2016/2/1,0.345388954,35.11081168,0.345785744,34.97010238,0.417882514,0.194265682
2016/2/2,0.336308163,34.41305192,0.341284493,34.63499937,0.377854306,0.190581593
2016/2/3,0.320165497,33.60841064,0.319625396,33.37460914,0.38783368,0.186514071
2016/2/4,0.338490635,33.84897151,0.343694376,34.07554881,0.358066858,0.179038945
2016/2/5,0.348306989,34.62956081,0.350010854,34.54660178,0.37271973,0.171233393
2016/2/15,0.386875875,36.18319681,0.386910674,35.95834026,0.436321155,0.161243601
2016/2/16,0.378251796,36.07335195,0.379558839,36.07908666,0.405554572,0.152713408
2016/2/17,0.353028675,33.65535791,0.356643819,33.78572804,0.411101521,0.14046018
2016/2/18,0.361588035,32.25926084,0.364934089,32.40411334,0.126236418,0.126236418
2016/2/19,0.329570529,30.96398653,0.330618156,31.03247923,0.109387853,0.109387853
2016/2/22,0.419653826,29.06674644,0.420551909,29.28540498,0.101630212,0.101630212
2016/2/23,0.41864448,32.68607948,0.466922565,33.03411733,0.217583586,0.091966517
2016/2/24,0.311325074,30.96945536,0.314021184,31.21379997,0.236793907,0.076629764
2016/2/25,0.320239258,31.13910322,0.322062074,31.32753481,0.183902892,0.074203696
2016/2/26,0.316883942,30.87980686,0.317828136,30.95424946,0.039299317,0.066273805
2016/2/29,0.323985796,30.70515177,0.326851926,30.93111702,0.215283217,0.065046235
2016/3/1,0.293747906,29.35859836,0.298367544,29.81351683,0.225724245,0.06171813
2016/3/2,0.340426012,30.82886999,0.343605831,31.21874353,0.300439047,0.059149722
2016/3/3,0.347038852,31.14441343,0.35030792,31.38030794,0.294175488,0.055134694
2016/3/4,0.318427169,35.18002039,0.324627813,35.07467549,0.057979624,0.057979624
2016/3/7,0.356469317,32.7331917,0.358951257,33.14838508,0.059961913,0.059961913
2016/3/8,0.346254501,32.39309041,0.349746036,32.86682066,0.058968139,0.058968139
2016/3/9,0.356555879,31.51274854,0.359268419,31.78968245,0.059811043,0.059811043
2016/3/10,0.352624876,32.96142221,0.35345381,33.22624002,0.060199057,0.060199057
2016/3/11,0.36168706,33.34446789,0.365672717,33.73786622,0.06016614,0.06016614
2016/3/14,0.348457295,32.62274057,0.353905224,33.23810264,0.060551261,0.060551261
2016/3/15,0.332651787,32.08658791,0.334858454,32.28006776,0.061834559,0.061834559
2016/3/16,0.379696865,32.93076759,0.379456565,33.72001524,0.064645986,0.064645986
2016/3/17,0.220467761,31.14822521,0.239964967,31.83022262,0.06463248,0.06463248
2016/3/18,0.344712567,30.65093441,0.34914623,31.03074824,0.06701103,0.06701103
2016/3/21,0.444514921,30.6558339,0.450248012,31.22004405,0.070777424,0.070777424
2016/3/22,0.426523881,32.71681517,0.469386743,32.95436739,0.073348828,0.073348828
2016/3/23,0.33345003,33.34500302,0.339170574,33.91705744,0.074450817,0.074450817
2016/3/24,0.323770998,32.37709979,0.325748541,32.57485411,0.046555656,0.07456328
2016/3/25,0.296700685,29.67006847,0.297493759,29.7493759,0.042116753,0.074016937
2016/3/28,0.312870519,31.18699422,0.314118391,31.31221764,0.067993738,0.071243189
2016/3/29,0.302322662,30.04139406,0.302002838,30.00791162,0.088236108,0.070185927
2016/3/30,0.298066261,29.53165562,0.299270346,29.66741101,-0.696687327,0.07074059
2016/3/31,0.304485358,29.96605247,0.305477348,30.08830887,-0.154255859,0.070810058
2016/4/1,0.316720399,30.52585149,0.318562321,30.74010439,0.236041729,0.070648564
2016/4/5,0.326989226,30.14418024,0.332896107,30.67772665,0.239663426,0.071950622
2016/4/6,0.308313196,29.81168727,0.310386212,29.98027732,-0.452395857,0.072014215
2016/4/7,0.296030775,27.7596432,0.297801998,27.9365467,0.062575112,0.071464652
2016/4/8,0.309037457,28.79527559,0.314363788,29.14010507,0.238356959,0.064278748
2016/4/11,0.289162183,25.72534427,0.289943555,25.79741712,0.244468804,0.057744075
2016/4/12,0.280439016,25.86517179,0.281244898,25.95545882,0.244088185,0.047157647
2016/4/13,0.216066298,22.26637119,0.215547383,22.50500563,-0.082125603,0.038382362
2016/4/14,0.23893222,22.27189756,0.243636801,22.557298,0.025911403,0.03623144
2016/4/15,0.232514334,23.29848494,0.2378197,23.28282311,0.031247046,0.033923325
2016/4/18,0.292176896,25.72033056,0.292144519,25.73815683,0.245402196,0.033959086
2016/4/19,0.187791986,24.73374714,0.189000481,24.83266062,-0.521807646,0.03384381
2016/4/20,0.280589638,25.6097535,0.281877989,25.71026114,0.24506275,0.033568664
2016/4/21,0.282738518,25.0343433,0.284521576,25.10332167,0.244452482,0.032988765
2016/4/22,0.286569878,24.56812724,0.287842655,24.65476476,0.24451372,0.029154681
2016/4/25,0.252224606,24.86477296,0.279147582,24.95596832,-0.012231354,0.025081224
2016/4/26,0.459986624,25.36897351,0.460537626,25.44329432,0.021155174,0.021155174
2016/4/27,0.261265965,25.90534593,0.262542092,26.0390108,0.018799639,0.018799639
2016/4/28,0.246053605,24.68903921,0.24759253,24.84102236,0.244541828,0.018631329
2016/4/29,0.19069483,21.21185466,0.195885076,21.59400857,0.008559609,0.018529907
2016/5/3,0.231955909,23.08527519,0.232849832,23.19371721,0.244947924,0.018438341
2016/5/4,0.235642946,23.07588475,0.236128722,23.13870292,0.245504884,0.016857107
2016/5/5,0.235822137,22.91872885,0.236291978,22.99360723,0.245186136,0.016514884
2016/5/6,0.242376071,23.55720802,0.2428299,23.61567622,0.041158839,0.01818617
2016/5/9,0.230809344,20.21849087,0.230690831,20.25587584,0.080122159,0.022991653
2016/5/10,0.232508829,20.55557957,0.232630528,20.5736469,0.078458646,0.026850394
2016/5/11,0.185044363,16.4787993,0.18977254,16.79680993,0.067095453,0.029215588
2016/5/12,0.172076037,24.74760344,0.181242408,24.82649328,0.064115602,0.030384812
2016/5/13,0.167544006,25.22015608,0.176644239,25.27020952,0.069152037,0.032250617
2016/5/16,0.170145098,25.21756772,0.184945732,25.27812329,0.078604061,0.033730916
2016/5/17,0.147367275,15.45443787,0.160623874,15.53957372,0.04869896,0.034938764
2016/5/18,0.159118922,12.60309654,0.162989018,12.70020562,0.050490519,0.035422069
2016/5/19,0.17944828,13.47862957,0.187035581,13.47321678,0.102206361,0.036308765
2016/5/20,0.113872152,24.03050263,0.142358483,24.29644181,0.092561932,0.037094474
2016/5/23,0.103982704,23.72575104,0.154351199,23.9467908,0.037842991,0.037842991
2016/5/24,0.22469218,21.43475138,0.275400881,21.68315359,-0.002871665,0.038915544
2016/5/25,0.069262416,9.626937699,0.069344216,9.697837096,-0.081075186,0.039633972
2016/5/26,0.048007167,11.65412512,0.047740742,11.40929869,-0.058118256,0.039332958
2016/5/27,0.125777327,16.44070421,0.125682077,16.21921477,-0.425051274,0.038324102
2016/5/30,0.232711565,20.82297044,0.234486642,20.90291813,0.244277387,0.036484858
2016/5/31,0.232289624,21.25121082,0.233575066,21.41657326,0.244112904,0.036752105
2016/6/1,0.236765763,22.24830498,0.237742088,22.35538325,0.244432419,0.03599529
2016/6/2,0.238821819,22.40136681,0.239885629,22.51520427,0.244056733,0.035726306
2016/6/3,0.236031287,21.83882131,0.236260451,21.9165802,0.245177874,0.036041244
2016/6/6,0.23543188,22.22951651,0.236674219,22.34373167,0.244094004,0.03546862
2016/6/7,0.235124577,21.99098582,0.236108099,22.09294248,0.244524534,0.035399786
2016/6/8,0.245303156,22.71715528,0.246936931,22.84908823,0.244930712,0.034926606
2016/6/13,0.101274707,23.11226587,0.103500771,23.25981765,0.078437941,0.034438501
2016/6/14,0.286310015,23.51277971,0.2868662,23.61060572,0.068177685,0.033780155
2016/6/15,0.262732469,21.36023096,0.263724046,21.44559624,0.054264642,0.033312453
2016/6/16,0.273708701,21.75691591,0.274155134,21.82339917,0.063500933,0.031655564
2016/6/17,0.206447466,20.64474663,0.20777337,20.77733698,0.061074836,0.030205218
2016/6/20,0.288405065,21.02533306,0.290881925,21.22192124,0.089957885,0.028803416
2016/6/21,0.338614988,21.11728008,0.342073455,21.28954484,0.244813651,0.028888231
2016/6/22,0.135920434,13.59204335,0.135777879,13.5777879,-0.01728451,0.028688257
2016/6/23,0.216456824,21.64568242,0.218261878,21.8261878,0.244997991,0.028169356
2016/6/24,0.234749919,23.47499194,0.235771609,23.5771609,0.244658374,0.027852753
2016/6/27,0.221731044,21.9907974,0.222879199,22.10647854,0.244863712,0.027610197
2016/6/28,0.137917531,14.78066129,0.136660736,14.71799531,-0.31045699,0.02727276
2016/6/29,0.225594639,22.39240853,0.22737946,22.56976862,0.020961271,0.027368179
2016/6/30,0.221947899,22.09627129,0.223557295,22.25295206,0.023656002,0.027220344
2016/7/1,0.213107297,21.19696761,0.21407935,21.30129892,0.028500977,0.027177069
2016/7/4,0.151360208,14.51798074,0.153706351,14.63592617,0.057015821,0.028624019
2016/7/5,0.22195489,21.73524902,0.224073123,21.91021361,0.06330895,0.030664761
2016/7/6,0.079063934,15.1319563,0.081035989,15.24331458,0.063369993,0.032182758
2016/7/7,0.226042278,21.75867995,0.227477839,21.89456865,0.070773692,0.032840349
2016/7/8,0.156908652,16.77719482,0.161247969,16.81938642,0.016806768,0.032617885
2016/7/11,0.224637289,21.71052564,0.226501642,21.84605945,0.243381715,0.032597793
2016/7/12,0.054713985,15.61802965,0.057245015,15.53846747,0.027129089,0.035704422
2016/7/13,0.226597688,19.39083062,0.229050574,19.30051201,0.242997445,0.038677921
2016/7/14,0.010477739,17.3570379,0.020023738,17.22413255,0.014563962,0.041934829
2016/7/15,0.227810028,19.5482239,0.230345434,19.44249497,0.243076783,0.045054871
2016/7/18,0.156380762,23.90064878,0.169131044,24.19159265,-0.003963805,0.047278692
2016/7/19,0.081468471,18.5525445,0.082313035,18.82139665,0.040480089,0.048718863
2016/7/20,0.254704158,20.41337594,0.256000001,20.51986507,0.051000045,0.049679999
2016/7/21,0.14613043,24.59992452,0.1625824,24.76290335,0.038589004,0.050959574
2016/7/22,0.272927708,22.37394603,0.27298616,22.42425717,0.064143496,0.051368636
2016/7/25,0.351362933,22.23575139,0.35150387,22.27549466,0.097907723,0.049988504
2016/7/26,0.135081335,24.5737896,0.283332799,24.86786162,0.242407669,0.049776558
2016/7/27,0.204888055,21.074383,0.207433549,21.31278413,0.243969259,0.049163298
2016/7/28,0.212914451,21.68559976,0.214092573,21.79500765,0.245210423,0.047815846
2016/7/29,0.218178523,20.18345064,0.218594014,20.27658864,0.245178198,0.046317259
2016/8/1,0.219475931,20.36815826,0.22043569,20.38289411,0.244019321,0.044702966
2016/8/2,0.216040975,19.83726393,0.217088003,19.84629997,0.244578825,0.042759431
2016/8/3,0.217060113,19.65547386,0.218328448,19.67049931,0.243685137,0.041237314
2016/8/4,0.218679819,19.47241936,0.220381778,19.49867565,0.243296251,0.039060946
2016/8/5,0.208569242,20.45049734,0.208994162,20.50768824,0.244580989,0.034364911
2016/8/8,0.217784717,20.13150653,0.21808977,20.18468502,0.245164926,0.030831559
2016/8/9,0.138331574,15.74278096,0.142204111,16.01380621,0.015111008,0.027420963
2016/8/10,0.132377678,17.41982695,0.136307705,17.62767086,0.012000893,0.024824534
2016/8/11,0.130320904,11.25230663,0.139853711,11.48887674,0.018552145,0.021857664
2016/8/12,0.148140539,10.96627963,0.152557932,11.10974501,0.06614879,0.022021124
2016/8/15,0.048606251,17.21594837,0.05416514,17.43500856,0.031363644,0.031363644
2016/8/16,0.26028169,21.25129771,0.260752209,21.2950163,0.054141707,0.035106881
2016/8/17,0.264493596,21.22948951,0.264338563,21.23394543,0.064659788,0.037568956
2016/8/18,0.263830761,21.02404695,0.266213052,21.051123,0.076975311,0.039046333
2016/8/19,0.275616759,21.22860819,0.27555318,21.22738534,0.245276703,0.040339023
2016/8/22,0.264609003,20.22959405,0.276538365,20.27403043,0.244189462,0.040909052
2016/8/23,0.315067726,20.81059026,0.339200327,20.85206719,0.245248078,0.042241452
2016/8/24,0.213356597,21.33565973,0.209335901,20.93359008,0.242971438,0.043059649
2016/8/25,0.183816692,18.38166916,0.185927345,18.59273449,-0.492076733,0.043480422
2016/8/26,0.184537653,18.45376531,0.186729634,18.67296343,-0.124308352,0.04382448
2016/8/29,0.199208288,19.96383647,0.201111139,20.15076088,-0.03125502,0.044054355
2016/8/30,0.189325263,19.22847042,0.187360839,19.06820632,0.241419907,0.044325909
2016/8/31,0.211289886,21.29884815,0.212032712,21.37865234,0.243328847,0.044561581
2016/9/1,0.185150256,19.63125762,0.187122153,19.84066477,-0.058280798,0.044543005
2016/9/2,0.198869768,20.74569283,0.196910117,20.67104492,0.241020439,0.04410562
2016/9/5,0.198360077,21.2560897,0.196421368,21.23302723,0.242550979,0.043561833
2016/9/6,0.223035714,21.41009985,0.223987302,21.26710751,0.243634476,0.043792405
2016/9/7,0.225025973,20.59982349,0.225645465,20.5334541,0.244241146,0.04371655
2016/9/8,0.223345019,20.3334183,0.224030967,20.25791144,0.243835432,0.043350483
2016/9/9,0.217136466,22.35430622,0.219740507,22.53377353,0.241665296,0.042173002
2016/9/12,0.234172556,23.49986005,0.234113282,23.13746278,0.041024873,0.040095704
2016/9/13,0.218153267,20.45200746,0.218715024,20.47140616,0.049785236,0.037927775
2016/9/14,0.118428865,17.08357931,0.131964761,16.89583343,0.06043986,0.035770919
2016/9/19,0.225779223,23.24929962,0.226998582,22.86698189,0.061689822,0.032824437
2016/9/20,0.226534176,22.65341755,0.222616261,22.26162606,0.067460631,0.030375731
2016/9/21,0.236693909,20.28218599,0.238010934,20.29868955,0.072507135,0.028271447
2016/9/22,0.252590519,24.14161955,0.25324476,23.69859786,0.056199591,0.02688556
2016/9/23,0.230587622,23.89639101,0.231507286,23.46539537,0.063809649,0.025171047
2016/9/26,0.16813825,11.18266053,0.21911232,11.95752796,0.025239109,0.025239109
2016/9/27,0.122456603,7.494341048,0.226860768,7.553640204,0.026444998,0.026444998
2016/9/28,0.096765527,11.12137889,0.096315295,11.15279576,0.025090663,0.025090663
2016/9/29,0.093730384,13.08353055,0.102754817,13.6181344,-0.008906346,0.024842238
2016/9/30,0.06713933,12.53171307,0.068278338,12.62349063,-0.797243839,0.024458832
2016/10/10,0.059372262,17.19222388,0.060657151,17.31355678,-0.176373501,0.023889015
2016/10/11,0.134754065,18.29004655,0.137493148,18.47299984,0.010425265,0.022698828
2016/10/12,0.217265409,19.86480859,0.218082165,19.94868203,0.244987749,0.022124933
2016/10/13,0.217705788,19.73468942,0.218629728,19.8231104,0.245463949,0.021340399
2016/10/14,0.127013581,21.45016085,0.130827058,21.09164833,0.012291183,0.020992199
2016/10/17,0.233938896,19.45258246,0.234041225,19.49874673,0.245243494,0.02091977
2016/10/18,0.148667887,8.165402962,0.161582257,8.443256412,0.026675138,0.021345246
2016/10/19,0.136584303,10.86582412,0.157971794,11.33433494,0.023132184,0.021668479
2016/10/20,0.133718563,8.379900699,0.149911107,8.572434257,0.024301341,0.02179605
2016/10/21,0.261250176,19.0643054,0.262769725,19.08088153,0.244289163,0.022334963
2016/10/24,0.166372925,12.53175429,0.215242233,12.82049575,3.38E-05,0.025312393
2016/10/25,0.141639645,10.82555276,0.232002302,10.82328121,-0.199520038,0.027311401
2016/10/26,0.202822317,19.90934962,0.203942042,20.04010684,0.245098391,0.02859067
2016/10/27,0.199089233,19.61676972,0.199458293,19.64640377,0.245075445,0.029328579
2016/10/28,0.200987234,19.48206832,0.201580078,19.57069588,0.244786803,0.030020319
2016/10/31,0.203906392,19.32652775,0.204295195,19.41471782,0.245234407,0.030591788
2016/11/1,0.209300163,18.86443608,0.211478759,19.12376413,0.243494394,0.031907986
2016/11/2,0.208961964,19.57077697,0.209060762,19.54608787,0.245098228,0.032374674
2016/11/3,0.109740089,17.80124873,0.116218196,18.17090172,0.016907106,0.033787861
2016/11/4,0.123070544,18.69420895,0.12963532,19.08014307,0.017754604,0.034264421
2016/11/7,0.098193852,16.12396189,0.100227832,16.18849719,-0.05328334,0.035259563
2016/11/8,0.219054509,19.19546922,0.219810789,19.23105295,0.24353182,0.036288578
2016/11/9,0.133576842,20.7056927,0.134216373,21.00372682,0.024741428,0.036350718
2016/11/10,0.210080146,19.64758947,0.210248851,19.6183321,0.244158282,0.037684123
2016/11/11,0.233999117,18.15802898,0.235975595,18.45185619,0.243585362,0.039636408
2016/11/14,0.155180287,24.52684957,0.161899198,24.75490255,0.242951853,0.04052133
2016/11/15,0.048176546,17.08472445,0.050359078,17.40017745,-0.13622444,0.040690025
2016/11/16,0.250528037,17.74833263,0.252998597,18.05726488,-0.092124112,0.039381366
2016/11/17,0.118586144,25.10875758,0.13380028,25.405022,0.242176267,0.038658674
2016/11/18,0.17752012,17.75201204,0.180372817,18.03728174,-0.073075281,0.037401349
2016/11/21,0.223164065,23.4203862,0.240017095,23.22495084,0.244866349,0.038780268
2016/11/22,0.155679706,19.75665988,0.162993478,19.69021583,0.245745381,0.040991168
2016/11/23,0.181077255,18.10772555,0.184429434,18.4429434,0.244326265,0.042603168
2016/11/24,0.231737917,23.17379173,0.235010214,23.50102136,0.242837311,0.044196063
2016/11/25,0.193300463,19.3300463,0.195173233,19.5173233,0.005950401,0.047473756
2016/11/28,0.198611977,19.98759008,0.201912518,20.30357852,0.008725688,0.04948527
2016/11/29,0.198401683,19.24256368,0.199673853,19.34990226,0.024674273,0.051306886
2016/11/30,0.22020993,21.92860934,0.221912523,22.10134981,0.243400521,0.050944922
2016/12/1,0.189464513,19.50739509,0.188126601,19.44960369,-0.188222652,0.050818767
2016/12/2,0.17975551,19.2454919,0.181904632,19.46227344,0.096028888,0.050258744
2016/12/5,0.225798767,22.26833374,0.227286464,22.40885783,0.077021942,0.049696967
2016/12/6,0.177552147,20.00598347,0.17934991,20.19166681,0.073631421,0.048900098
2016/12/7,0.167826416,19.76779158,0.166970235,19.8176753,0.241251524,0.047729229
2016/12/8,0.180428566,20.16719087,0.179009509,20.18732588,0.043791527,0.046161934
2016/12/9,0.197272295,19.43029059,0.199459791,19.56981798,0.024264552,0.045042458
2016/12/12,0.211254309,18.54846833,0.212158947,18.43294884,0.049123518,0.043039423
2016/12/13,0.09821765,20.3370384,0.098034812,20.49985465,0.062086122,0.041429569
2016/12/14,0.221919034,18.04167862,0.22314563,18.18145233,0.072350711,0.038784936
2016/12/15,0.237846304,19.88126053,0.238558378,19.87771839,0.083116509,0.039858788
2016/12/16,0.231326407,20.25309466,0.231242876,20.1958709,0.087218814,0.041204062
2016/12/19,0.244189859,20.04499344,0.24535331,20.01880834,0.062360014,0.043280547
2016/12/20,0.094854977,18.00369895,0.097709441,17.75961877,0.129021077,0.046315956
2016/12/21,0.25544534,20.64371088,0.256425469,20.58470219,0.064649769,0.047422532
2016/12/22,0.259497256,19.82024584,0.261365543,19.76552233,0.117985445,0.049571915
2016/12/23,0.158628535,24.33280289,0.177113239,24.5219156,0.242874794,0.052570303
2016/12/26,0.346488065,20.8929647,0.349432262,20.85222551,0.245153697,0.054296716
2016/12/27,0.253922514,19.55144529,0.269988497,19.25869048,0.244368678,0.056273031
2016/12/28,0.253200492,24.75848271,0.255231796,24.9473044,0.243106232,0.058589513
2016/12/29,0.249552608,24.13667599,0.251537868,24.31407785,0.242692159,0.060672486
2016/12/30,0.211344486,20.79908299,0.209342943,20.70101252,0.243866579,0.062178543
2017/1/3,0.196413835,21.3397851,0.198645496,21.32585618,0.245105467,0.063046607
2017/1/4,0.269125062,25.5215504,0.272406285,25.76928347,0.2402387,0.06209097
2017/1/5,0.270674809,25.37366083,0.274871285,25.67489491,0.239355355,0.060586444
2017/1/6,0.189227786,21.60146104,0.191586374,21.72146273,0.244294442,0.057466442
2017/1/9,0.188949548,22.31021116,0.191249296,22.53157271,0.242413098,0.053011211
2017/1/10,0.22557698,19.70673602,0.227902401,19.87125204,0.244048497,0.048946382
2017/1/11,0.232678906,19.56600728,0.232917539,19.61005357,0.244558368,0.046358188
2017/1/12,0.233715501,21.00049601,0.234312298,20.99931721,0.24479677,0.042247492
2017/1/13,0.232585755,19.0215109,0.234407383,19.17061016,0.244517646,0.038527852
2017/1/16,0.233314471,20.4131933,0.234439611,20.4283695,0.011123099,0.037402747
2017/1/17,0.118664685,19.51276949,0.130879856,19.40640335,0.022055336,0.036302512
2017/1/18,0.238807755,20.91644553,0.239365569,20.90065133,0.244253872,0.035034302
2017/1/19,0.085128734,19.23109273,0.094455205,19.26201174,0.018969385,0.033121233
2017/1/20,0.278726002,21.30896771,0.278778774,21.28413477,0.245068134,0.028312298
2017/1/23,0.362234075,21.2864926,0.362167272,21.25674736,0.245146532,0.025659485
2017/1/24,0.160044807,21.70316841,0.166582752,21.70351795,0.245134239,0.024465434
2017/1/25,0.219679341,21.89164833,0.219859953,21.91058232,0.245127648,0.024264254
2017/1/26,0.232894142,22.70613001,0.23421974,22.83955245,0.243545511,0.026241583
2017/2/3,0.211709663,19.29035043,0.211728516,19.29350541,0.244242277,0.026659388
2017/2/6,0.26802572,20.53760269,0.272342588,20.67202566,0.245633684,0.026839861
2017/2/7,0.159290966,15.92909662,0.159594828,15.95948283,-0.030179196,0.026212768
2017/2/8,0.234734582,19.37723084,0.234444056,19.38429806,0.244454577,0.026496259
2017/2/9,0.240763834,19.3372128,0.240848931,19.37956499,0.245116836,0.026694547
2017/2/10,0.106503809,17.65443517,0.112185839,17.89357465,0.011833588,0.02663642
2017/2/13,0.11783805,14.48377612,0.129883018,14.44159223,0.021052062,0.027871297
2017/2/14,0.103974739,14.00619893,0.12022655,14.05237042,0.019274542,0.027972996
2017/2/15,0.102560422,13.92591992,0.118182167,13.95530999,0.019042205,0.027078091
2017/2/16,0.100654119,7.34913797,0.126915878,7.415279166,0.024944686,0.025924293
2017/2/17,0.092053893,18.50586811,0.09317717,18.65254178,0.244951988,0.02458726
2017/2/20,0.195518867,19.55188667,0.195653184,19.56531836,0.244926139,0.024698085
2017/2/21,0.32038755,19.66883141,0.327092346,19.68402191,0.244681792,0.025466588
2017/2/22,0.195913565,19.01474906,0.19604739,19.01480329,0.245191575,0.026813725
2017/2/23,0.187044842,18.86781889,0.187315098,18.82917027,0.244365504,0.027320238
2017/2/24,0.189647547,18.79630099,0.190065767,18.75583201,0.24366078,0.027216987
2017/2/27,0.080596477,11.75870933,0.080285195,11.81289542,0.019366417,0.026624701
2017/2/28,0.107764538,13.19573843,0.107190147,13.23742853,0.019089408,0.025619138
2017/3/1,0.111985567,14.42318175,0.1172974,14.75080159,0.01948273,0.023724981
2017/3/2,0.206197831,20.0194095,0.206601006,20.03586603,0.029909109,0.02072868
2017/3/3,0.198852563,19.3817042,0.199043643,19.35983578,0.037206012,0.018806975
2017/3/6,0.213353598,20.06290196,0.213397365,20.03810134,0.035795854,0.018500109
2017/3/7,0.214656107,20.37876556,0.215173453,20.38290233,0.033733635,0.017558965
2017/3/8,0.215648346,20.27088486,0.216314049,20.28281256,0.03358432,0.017291583
2017/3/9,0.206796796,19.26564421,0.207111971,19.23828584,0.244596454,0.016862391
2017/3/10,0.084705165,16.11776219,0.090461435,16.16310924,0.011240686,0.017426496
2017/3/13,0.158821959,19.39822447,0.159348585,19.39189081,0.2449309,0.017281609
2017/3/14,0.248771937,20.14603987,0.248906818,20.12294391,0.245383994,0.017338284
2017/3/15,0.166592155,19.9435813,0.167275369,19.9379371,0.245011349,0.017376328
2017/3/16,0.097457304,7.366283968,0.121779653,7.560930361,0.036110294,0.017409734
2017/3/17,0.182065649,18.20656489,0.181874071,18.18740712,0.007980085,0.017371168
2017/3/20,0.258671729,19.06631297,0.258782034,19.03940101,-1.706303511,0.017235389
2017/3/21,0.199241167,19.70492012,0.199665782,19.71011922,0.245585827,0.016559506
2017/3/22,0.061385575,6.138557541,0.062282282,6.22822824,-0.094705538,0.017064078
2017/3/23,0.189266774,18.9266774,0.188944438,18.89444377,0.245020476,0.017327442
2017/3/24,0.052275105,5.227510512,0.052498189,5.249818881,-0.080455954,0.017315231
2017/3/27,0.209032337,20.89615265,0.209764062,20.97430321,0.245041637,0.017047904
2017/3/28,0.204367429,20.37793637,0.204452799,20.38511433,0.245292106,0.017016591
2017/3/29,0.202273045,20.12364479,0.202230728,20.11730614,0.245141779,0.017016017
2017/3/30,0.198313866,19.60288262,0.197984158,19.56708401,0.244747225,0.017145791
2017/3/31,0.2067643,20.5069458,0.207063082,20.52976421,0.245142148,0.017152326
2017/4/5,0.105289825,8.120845751,0.107039229,8.264434511,0.00955881,0.016359081
2017/4/6,0.114167202,10.03984207,0.118596145,10.25071955,0.008405726,0.01577937
2017/4/7,0.110506651,8.579223309,0.116164698,8.861018982,0.008647315,0.014920325
2017/4/10,0.091531872,9.920439284,0.100695703,10.27101932,0.014790979,0.014349336
2017/4/11,0.094044623,10.04591729,0.103484816,10.40514063,0.014843477,0.013939483
2017/4/12,0.098793701,9.608560828,0.107455606,9.912940021,0.018256532,0.014163089
2017/4/13,0.099025691,8.131273166,0.108181558,8.761651628,0.025209371,0.014138925
2017/4/14,0.235124833,19.8578313,0.234961307,19.84341163,0.245075977,0.014062627
2017/4/17,0.248801394,20.03495603,0.248937616,20.03820531,0.245073364,0.014062627
2017/4/18,0.115966874,6.91770285,0.116943968,6.999930814,0.011381206,0.014262079
2017/4/19,0.10200816,9.574742963,0.119425182,10.05180001,0.02955466,0.015563773
2017/4/20,0.082572685,10.09178752,0.103735064,10.35432347,0.021522342,0.016213518
2017/4/21,0.146741376,18.24634944,0.151600018,18.23278653,0.010524194,0.01641768
2017/4/24,0.064709564,3.689570739,0.119748166,3.764485401,0.027219248,0.01663748
2017/4/25,0.186662561,18.66625608,0.078696307,18.64596062,0.2444464,0.016402971
2017/4/26,0.185308436,18.0528096,0.185232599,18.04820497,-0.189732791,0.016650015
2017/4/27,0.196856512,18.79822788,0.196632479,18.78439274,0.244978207,0.016744222
2017/4/28,0.187257235,17.90384437,0.187175573,17.90048202,-0.001984163,0.01693534
2017/5/2,0.087901044,10.42372859,0.092100544,10.63028952,0.009350651,0.017108981
2017/5/3,0.072666752,5.652605759,0.078308466,6.03993692,0.014277384,0.017746491
2017/5/4,0.079506254,7.714804951,0.087693739,8.127788957,0.017740567,0.018649489
2017/5/5,0.077916257,13.11135103,0.079272446,13.28126909,0.022793146,0.019869372
2017/5/8,0.084500637,12.21136559,0.091343297,12.37685328,0.02158793,0.020547142
2017/5/9,0.084015102,14.36815425,0.091787217,14.6799912,0.024597289,0.021441822
2017/5/10,0.076257148,7.287080656,0.09102643,7.722714516,0.020007047,0.021756463
2017/5/11,0.064964617,14.44005972,0.06872497,14.49414868,0.011122917,0.021712463
2017/5/12,0.084647131,5.828026763,0.091425206,6.031024705,0.003833279,0.022121114
2017/5/15,0.094892544,6.709461453,0.108602746,6.928727828,0.006350136,0.022683251
2017/5/16,0.084512897,12.50205545,0.114993427,12.74878745,0.008151324,0.023417476
2017/5/17,0.157842355,15.78423546,0.159002098,15.90020977,-0.230390815,0.023443966
2017/5/18,0.268042558,17.53498735,0.26801131,17.56181154,0.245115464,0.022556417
2017/5/19,0.27772995,17.48522777,0.27856941,17.56188257,0.245286358,0.021511825
2017/5/22,0.100705054,7.713090613,0.164231514,8.128971677,0.000591495,0.020927598
2017/5/23,0.172818378,17.28183781,0.173476297,17.34762974,0.02379909,0.022731946
2017/5/24,0.176386762,17.6386762,0.176683877,17.66838768,0.022181311,0.024022116
2017/5/25,0.138122593,13.81225929,0.138428849,13.8428849,0.056539246,0.032583685
2017/5/26,0.161537409,16.15374086,0.163456614,16.34566138,0.053865616,0.038752219
2017/5/31,0.222782892,22.06033098,0.221700297,21.98386889,0.06455291,0.044616939
2017/6/1,0.200118854,20.04103861,0.198676117,20.02634122,0.07376317,0.050698353
2017/6/2,0.25085029,23.95278809,0.253741771,24.19526305,0.063977941,0.054117422
2017/6/5,0.207111688,20.54088808,0.205276787,20.58585178,0.052604857,0.055114979
2017/6/6,0.181731938,20.49399153,0.183978546,20.4100792,0.062437905,0.056751414
2017/6/7,0.245014075,22.76403363,0.243760691,22.76777823,0.0802077,0.059485341
2017/6/8,0.210338118,21.66051154,0.211131546,21.68275871,0.093085644,0.062841938
2017/6/9,0.192241131,22.04637759,0.195127942,21.9267032,0.107458596,0.066700566
2017/6/12,0.200685721,22.97874674,0.203740436,22.81201719,0.116250987,0.069586009
2017/6/13,0.199116273,23.5532816,0.202043684,23.37358753,0.080405479,0.071908794
2017/6/14,0.221568021,21.84474535,0.219743803,22.11094604,0.055021708,0.072329745
2017/6/15,0.197508793,23.43938101,0.199874293,23.17075835,0.068267549,0.071636342
2017/6/16,0.198181186,23.48918753,0.200659373,23.22216123,0.070765401,0.070235245
2017/6/19,0.257660355,22.07848413,0.25789238,22.40296239,0.244679427,0.069312386
2017/6/20,0.251689694,22.87084431,0.253432604,22.98273524,0.072094609,0.067004546
2017/6/21,0.261381493,23.98232548,0.263198445,23.68034168,0.043840586,0.065276855
2017/6/22,0.120729875,23.25816657,0.120895339,23.5072545,-0.023447851,0.063256457
2017/6/23,0.25231666,18.17625681,0.253744409,18.09107418,0.243881804,0.061700388
2017/6/26,0.362429215,19.02722349,0.363294853,18.88297144,-0.400186814,0.060700471
2017/6/27,0.255307605,24.33984244,0.275588366,24.41896243,0.239002799,0.061579441
2017/6/28,0.189020328,19.36069567,0.187524118,19.25667041,-0.047630237,0.061178653
2017/6/29,0.25524859,24.49187167,0.256049752,24.43909541,0.238915419,0.061272934
2017/6/30,0.204039203,20.71487019,0.206917493,20.74608973,-0.349782165,0.059033441
2017/7/3,0.192708631,20.19691225,0.19118925,20.29257164,0.034077935,0.054632408
2017/7/4,0.209855483,22.26973808,0.209516806,22.38232514,0.048006262,0.04885404
2017/7/5,0.210587144,22.39810621,0.212370618,22.51627622,-0.003606149,0.044947274
2017/7/6,0.207367372,22.16453474,0.209961153,22.42705013,-0.014671014,0.042772534
2017/7/7,0.219783449,20.10009036,0.221103843,20.31496805,0.02505293,0.039044625
2017/7/10,0.065844506,20.46665995,0.066748657,20.65249192,-0.062574245,0.040029084
2017/7/11,0.227283195,19.60166528,0.227978042,19.81575034,0.03964489,0.042249954
2017/7/12,0.240071449,18.80507263,0.240571245,18.70978837,0.036771271,0.043801341
2017/7/13,0.233523507,22.95094972,0.235037498,23.10566124,0.070449458,0.048170208
2017/7/14,0.236463147,23.75264298,0.239194915,23.89164468,0.091634553,0.053103412
2017/7/17,0.266317639,24.66664408,0.270681706,25.00005733,0.121137784,0.055709891
2017/7/18,0.259301174,23.17924045,0.260535156,23.21835365,0.060573117,0.057368951
2017/7/19,0.263672518,17.97051127,0.264060733,17.93822159,0.095912386,0.062405321
2017/7/20,0.270611306,24.04088327,0.272571859,23.79642675,0.111282186,0.067585416
2017/7/21,0.233383112,23.33831122,0.235315427,23.5315427,0.084373118,0.07031758
2017/7/24,0.351147762,18.19693827,0.351145576,18.07999786,0.245165355,0.073545365
2017/7/25,0.104904776,23.09797917,0.181641128,23.45594096,0.244480723,0.075190608
2017/7/26,0.239913309,23.53449675,0.242301526,23.69980051,0.242614031,0.074890426
2017/7/27,0.251994908,24.66855388,0.254069232,24.74481754,0.242970056,0.073048913
2017/7/28,0.25189625,24.10731162,0.253609914,24.17392153,0.066674091,0.07020696
2017/7/31,0.257828882,23.98561188,0.259469586,23.98993606,0.070282262,0.068915407
2017/8/1,0.256113297,23.54667254,0.259057814,23.65226172,0.04678327,0.068043673
2017/8/2,0.257670879,23.47670666,0.260117319,23.53107184,0.044665779,0.068060318
2017/8/3,0.205560963,20.53657964,0.203711924,20.51123505,0.067518019,0.066517174
2017/8/4,0.263714211,23.68487765,0.265580541,23.64580859,0.050236957,0.064997975
2017/8/7,0.271284151,22.6223294,0.274200574,22.935217,0.04956321,0.063837041
2017/8/8,0.205582211,20.31467458,0.203895374,20.50655656,0.242617802,0.062880145
2017/8/9,0.193151677,21.57102543,0.195473241,21.41651672,0.059350322,0.060559992
2017/8/10,0.231042237,23.37432938,0.231441044,23.06755345,0.033959149,0.05872668
2017/8/11,0.234624652,22.75719235,0.236304608,22.56003658,0.067853349,0.056684051
2017/8/14,0.247200841,22.52449313,0.249823051,22.67808179,0.056191526,0.053154611
2017/8/15,0.25201685,18.03934999,0.252183312,17.92849291,0.082474823,0.046991562
2017/8/16,0.247945059,19.12652477,0.249542603,18.86728165,0.243701837,0.043726172
2017/8/17,0.259302818,19.48352327,0.259443876,19.55294109,0.245053345,0.040200017
2017/8/18,0.170587716,17.05877163,0.172453804,17.24538036,0.087277923,0.035446982
2017/8/21,0.178666792,18.99787205,0.184314025,19.13771217,0.031135614,0.031135614
2017/8/22,0.077686636,18.82075038,0.140891652,18.85994082,0.028921535,0.028921535
2017/8/23,0.195532764,19.55327645,0.196211009,19.62110093,0.026148317,0.026148317
2017/8/24,0.191527272,19.15272718,0.191731125,19.17311253,0.245864185,0.025564186
2017/8/25,0.216085318,21.6085318,0.216335179,21.63351787,0.046458077,0.029393271
2017/8/28,0.179537932,17.93145265,0.179899824,17.96548247,0.030047735,0.035368341
2017/8/29,0.219455533,22.0214989,0.217833824,21.87842199,0.030001585,0.03995112
2017/8/30,0.245744805,24.22133198,0.247559498,24.38802126,0.03867097,0.042895971
2017/8/31,0.170459851,18.22301015,0.172159882,18.3785227,-1.425355245,0.044962002
2017/9/1,0.172061354,18.9421644,0.173779815,18.93160018,-0.062142921,0.046573339
2017/9/4,0.17679934,19.83426667,0.178602716,19.98981193,-0.187635547,0.048264311
2017/9/5,0.21050431,20.82237304,0.211081564,20.90473312,0.243377256,0.050619938
2017/9/6,0.181026177,20.97752528,0.18294266,20.85018157,-0.285668158,0.05173469
2017/9/7,0.214108535,20.72973059,0.214232996,20.89519339,0.034348827,0.051996507
2017/9/8,0.207883965,20.58279734,0.206108135,20.69718963,0.038828958,0.052107934
2017/9/11,0.212537548,22.77727621,0.210651238,22.78463201,0.050144047,0.052048607
2017/9/12,0.233901685,17.87560955,0.233679475,17.99343115,0.039568622,0.052425711
2017/9/13,0.235740994,21.60936957,0.236253617,21.82915011,0.046382232,0.052598468
2017/9/14,0.191564144,22.51202271,0.193555881,22.64634338,0.056748532,0.052494159
2017/9/15,0.190495678,22.55152942,0.192610219,22.69141683,0.056466574,0.051981882
2017/9/18,0.05552389,22.76118253,0.057306432,22.8425856,0.061712384,0.051669162
2017/9/19,0.058971394,22.62801362,0.059714561,22.80303142,0.027573953,0.051316294
2017/9/20,0.253176538,23.21112894,0.25787943,23.43910253,0.032568465,0.05038605
2017/9/21,0.232006621,23.20066208,0.233045478,23.30454784,-0.016337061,0.049019454
2017/9/22,0.13938811,23.37572113,0.151640702,23.48632378,0.023545681,0.044697206
2017/9/25,0.206363726,23.86299794,0.236186966,23.97683754,0.040976035,0.041451384
2017/9/26,0.237204197,19.51742875,0.278086493,19.34817829,0.034184541,0.038908809
2017/9/27,0.201053157,19.98954127,0.201860841,20.03136516,0.044059498,0.035275207
2017/9/28,0.19247439,19.49793189,0.194114937,19.53852942,0.016119733,0.032096926
2017/9/29,0.064174939,13.35642871,0.063580597,13.37781646,-0.085317678,0.029321464
2017/10/9,0.215663492,19.98434199,0.215350733,19.96970116,0.245215625,0.024355815
2017/10/10,0.21331823,19.73400024,0.213076599,19.70972855,0.245132694,0.023609101
2017/10/11,0.080080035,18.85252006,0.081342971,19.02217266,-0.196842942,0.02242333
2017/10/12,0.093901165,11.01789771,0.100961149,11.06499773,0.014273965,0.02294143
2017/10/13,0.087445742,11.8850951,0.096654629,11.92086927,0.020020514,0.022007209
2017/10/16,0.097765557,18.5639026,0.102857622,18.56354044,0.014896496,0.021477708
2017/10/17,0.091655365,7.789100869,0.101904329,7.919858087,0.024619505,0.021743251
2017/10/18,0.247503292,20.54564006,0.247453622,20.52683547,0.245349957,0.023923369
2017/10/19,0.255153447,21.03202046,0.255786781,21.03644073,0.244473447,0.026306526
2017/10/20,0.188273032,18.82730322,0.18795466,18.79546595,-0.074236244,0.027327326
2017/10/23,0.125049722,19.6595436,0.138902838,19.62027571,0.014884468,0.02777173
2017/10/24,0.189033541,21.43974628,0.189015244,21.43893788,0.245213651,0.029643398
2017/10/25,0.210715473,20.44109023,0.210516795,20.45080345,0.245095102,0.031176564
2017/10/26,0.174903441,18.7162682,0.17381638,18.65287481,-0.44144717,0.0340423
2017/10/27,0.227863587,23.01122144,0.229794213,23.18277241,0.032685892,0.040105163
2017/10/30,0.163111412,19.46697481,0.164841178,19.40872531,0.029970665,0.044178114
2017/10/31,0.218606167,22.18921217,0.218340298,22.02570514,0.245158523,0.046809764
2017/11/1,0.209938803,20.07308647,0.207904511,20.13203435,0.244720021,0.048042893
2017/11/2,0.216328066,24.32051234,0.216018842,24.29925251,0.245199558,0.049155968
2017/11/3,0.219922733,22.34908532,0.219664672,22.1312573,0.245059929,0.050334296
2017/11/6,0.211593885,19.96176667,0.211356088,20.17127769,0.244871191,0.050447925
2017/11/7,0.255536753,24.44555229,0.258230675,24.5737152,0.241734859,0.051639822
2017/11/8,0.263840797,22.02140703,0.266767188,22.22214179,0.241872436,0.052710879
2017/11/9,0.214359623,20.39618561,0.212527667,20.62141724,-0.0543628,0.053928262
2017/11/10,0.177719629,23.32246406,0.17958757,23.05651855,0.043860248,0.056618556
2017/11/13,0.218375281,25.49362408,0.217067183,25.17999729,0.055755069,0.059243274
2017/11/14,0.279064085,21.91082549,0.279754861,21.73035309,0.243587333,0.059035193
2017/11/15,0.269512884,20.93952591,0.268532932,20.72702903,0.244985525,0.057690813
2017/11/16,0.27374147,26.19392398,0.278244854,26.27039348,0.027803907,0.05796515
2017/11/17,0.313484311,22.58853215,0.313669779,22.8326323,0.241871872,0.06153048
2017/11/20,0.35915073,28.83399502,0.359137584,28.86518429,0.240324864,0.065523041
2017/11/21,0.586239674,26.47216782,0.605242938,26.60185344,0.245128288,0.072107391
2017/11/22,0.217684959,21.76849594,0.222032708,22.20327076,-0.862103663,0.079358846
2017/11/23,0.303707276,30.3707276,0.301349933,30.13499334,0.060030994,0.080394065
2017/11/24,0.283773081,28.37730815,0.290415922,29.04159224,0.062782019,0.080602016
2017/11/27,0.232037311,23.0081008,0.231196532,22.94400949,0.074862968,0.079685308
2017/11/28,0.267126008,26.43964928,0.269524834,26.11813184,0.112311549,0.076978725
2017/11/29,0.242877461,24.39067571,0.245426953,23.78292203,0.083005717,0.07508429
2017/11/30,0.27396161,29.7321392,0.270943426,29.94981581,0.098333238,0.073544888
2017/12/1,0.262529953,26.13666847,0.265780207,25.13004603,0.111711074,0.071641797
2017/12/4,0.257869402,25.33465364,0.257658507,25.46625912,0.097584923,0.069184785
2017/12/5,0.230879671,24.00110555,0.232150011,24.0592597,0.073853982,0.066847407
2017/12/6,0.269896025,24.43580317,0.272187079,24.34595076,0.097913899,0.064361265
2017/12/7,0.206338816,23.61756236,0.204697554,23.52308019,0.110218412,0.063711463
2017/12/8,0.26155947,23.53816277,0.262176701,23.34177543,0.097323047,0.063874203
2017/12/11,0.206211092,24.60087924,0.206180615,24.56346375,0.085169408,0.063320168
2017/12/12,0.217622228,25.12131739,0.217412577,25.05824884,0.114285126,0.063481023
2017/12/13,0.273178012,23.46523996,0.277029786,23.26446661,0.053705365,0.062684624
2017/12/14,0.227647057,25.53822879,0.22756953,25.48976932,0.067824864,0.062585445
2017/12/15,0.195249962,22.45100221,0.19698015,19.43945485,0.11606797,0.064006295
2017/12/18,0.219413162,22.17318853,0.217762349,22.36765505,0.064582977,0.064582977
2017/12/19,0.201483799,22.53463847,0.203460214,22.63829437,0.064838494,0.064674614
2017/12/20,0.162402502,21.86905692,0.161598668,22.10224405,0.064640696,0.064640696
2017/12/21,0.244279394,22.23314124,0.244416349,22.44151796,0.064563975,0.064563975
2017/12/22,0.196684828,22.57391492,0.196825714,22.78724383,0.06474389,0.06474389
2017/12/25,0.160581844,23.8986759,0.187398468,23.94790076,0.064824156,0.064824156
2017/12/26,0.35840816,24.27885327,0.360230239,24.10754092,0.064831603,0.064831603
2017/12/27,0.239912673,23.85026138,0.241847415,24.05950272,-0.00823642,0.066058351
2017/12/28,0.227236562,22.64806658,0.22428125,22.51988243,-0.095776965,0.066313094
2017/12/29,0.247331984,24.05648439,0.243897204,23.91637849,0.237670916,0.064388414
2018/1/2,0.18306841,19.26268082,0.184378723,19.24479144,0.245413657,0.054368432
2018/1/3,0.180096387,19.74662859,0.181581065,19.98192965,0.048433669,0.042550322
2018/1/4,0.177673462,19.91947874,0.179100532,20.16454703,0.045138567,0.037828545
2018/1/5,0.20356687,21.11272107,0.204111105,21.31748568,0.038069697,0.033113945
2018/1/8,0.215785762,19.21545224,0.215800446,19.1144737,0.027729509,0.031229885
2018/1/9,0.17757414,22.07224582,0.177354646,22.10627565,0.043627796,0.035586127
2018/1/10,0.206888583,21.90990012,0.207201371,22.21475407,0.062478817,0.041457359
2018/1/11,0.210860841,23.62891417,0.211303171,23.63320676,0.059407924,0.045830535
2018/1/12,0.190398401,21.03469982,0.192058116,20.84621944,0.079616731,0.050948486
2018/1/15,0.248735979,24.06262189,0.248992578,24.24292151,0.117252486,0.057569708
2018/1/16,0.232656436,21.48343684,0.237670924,21.2710521,0.124349884,0.065122555
2018/1/17,0.157683746,21.46062503,0.158385805,21.14928638,0.072113996,0.071695589
2018/1/18,0.262386672,26.01039543,0.263066364,26.40403986,0.108928298,0.07906642
2018/1/19,0.25105451,21.18966241,0.253396706,21.39887367,0.138014332,0.086008313
2018/1/22,0.360430881,27.01081639,0.366017464,27.17776477,0.028913315,0.093423427
2018/1/23,0.356967983,27.45296714,0.411391496,27.31086241,0.243298191,0.101545279
2018/1/24,0.270447506,27.04475056,0.271811824,27.18118241,0.243017615,0.108605074
2018/1/25,0.312127076,31.21270757,0.312243582,31.22435824,0.238340773,0.112368974
2018/1/26,0.280732145,28.07321446,0.282188248,28.21882483,0.242724439,0.114824148
2018/1/29,0.259341256,26.01499415,0.263271658,26.40091318,-0.325116805,0.113927407
2018/1/30,0.213021541,21.05227944,0.20915009,20.60803277,-0.006217509,0.112862443
2018/1/31,0.286347591,28.55390438,0.290023738,28.92305226,-11.1558049,0.112684898
2018/2/1,0.262227226,25.38784886,0.264713609,25.65927336,-0.04833464,0.113316138
2018/2/2,0.317572846,29.17616354,0.317685662,29.18889226,0.23444588,0.113163014
2018/2/5,0.253621205,25.87460006,0.25412189,26.15147834,0.243613841,0.113634466
2018/2/6,0.312169024,28.45811042,0.313058065,28.61886132,-0.163702549,0.111635923
2018/2/7,0.29655592,29.6131682,0.301582293,29.85817719,0.115409654,0.105027336
2018/2/8,0.290105513,28.81653822,0.29004991,28.7515214,0.16266599,0.100923375
2018/2/9,0.417010165,38.72758123,0.414396974,38.56029457,0.255563869,0.104847585
2018/2/12,0.319571728,31.35602836,0.320898104,31.32056175,0.235589303,0.108825622
2018/2/13,0.270377319,30.27223824,0.271452105,30.28710011,0.212044799,0.111814096
2018/2/14,0.318321963,31.73321049,0.319802793,31.96946949,0.199018146,0.113905431
2018/2/22,0.352960529,28.38177034,0.359431365,28.56805313,0.239914768,0.113696111
2018/2/23,0.286913108,29.00996651,0.288323964,29.09305051,0.229450557,0.113069854
2018/2/26,0.385250736,27.52970206,0.392571251,27.58659958,0.193283034,0.112531784
2018/2/27,0.427112443,28.357347,0.435991543,28.59532011,0.113945238,0.113945238
2018/2/28,0.282960314,28.039072,0.285297813,28.22171212,0.0775268,0.117696966
2018/3/1,0.277257605,27.44896079,0.277990324,27.64682827,0.069294248,0.120596029
2018/3/2,0.276774561,26.88022189,0.276661646,26.85836778,0.086852902,0.124678879
2018/3/5,0.280587003,26.58542414,0.280780765,26.58453229,0.088517143,0.128357887
2018/3/6,0.26322073,26.98549154,0.26397972,27.2893536,0.069600883,0.130176379
2018/3/7,0.272661709,27.19581855,0.275261863,27.38894963,0.082886113,0.132146401
2018/3/8,0.236159593,26.18075759,0.236425877,26.50637001,0.120562804,0.132262144
2018/3/9,0.231034,25.77232855,0.231083228,26.10963108,0.118155214,0.131522775
2018/3/12,0.258790797,27.30622591,0.258539451,27.6821431,0.132354588,0.129766816
2018/3/13,0.283015155,26.68171865,0.286435463,26.75255109,0.145151784,0.126174942
2018/3/14,0.293230616,26.30285255,0.293809776,26.54572157,0.102065285,0.121959556
2018/3/15,0.247053377,29.31263956,0.247870903,29.79814992,0.08439881,0.117384602
2018/3/16,0.275137522,27.91494315,0.276397605,27.90101794,0.030622014,0.111131842
2018/3/19,0.248781018,29.72445263,0.249973272,30.3436203,0.244749775,0.106746994
2018/3/20,0.255493789,29.60596451,0.255900294,30.23452719,0.244912279,0.103733196
2018/3/21,0.294499503,25.75068587,0.29315393,25.80061404,0.24152235,0.098146243
2018/3/22,0.281946312,28.73453786,0.283158489,28.7619574,0.050998816,0.090358093
2018/3/23,0.387657634,28.73810407,0.388820128,28.90784996,0.149694958,0.082359326
2018/3/26,0.345241439,28.02429559,0.356830481,28.03311142,0.069710971,0.069710971
2018/3/27,0.405989325,29.53721376,0.422917189,29.54861521,0.094459084,0.061178277
2018/3/28,0.292748048,29.0412455,0.292968586,28.97463106,0.12341281,0.063691471
2018/3/29,0.308133225,29.35116075,0.309261918,29.50312456,0.10103812,0.066257249
2018/3/30,0.308136792,29.87164946,0.307863821,29.92503396,0.091423255,0.070662058
2018/4/2,0.243025452,26.73536009,0.243001548,26.73574563,0.10102064,0.07533905
2018/4/3,0.289465675,28.4129986,0.290272798,28.42443087,0.110724521,0.080637838
2018/4/4,0.289393761,28.33913488,0.290278712,28.35079464,0.111346271,0.085101461
2018/4/9,0.335506971,29.62315134,0.335518404,29.70042962,0.120108097,0.086642541
2018/4/10,0.318846319,26.40633496,0.321955641,26.77572445,0.064017599,0.084051086
2018/4/11,0.326548741,26.22729563,0.330248094,26.44926898,0.066388758,0.080320257
2018/4/12,0.291243171,30.02884706,0.291699015,30.06517095,0.099921806,0.079248344
2018/4/13,0.33798755,26.72504912,0.339401716,26.9434902,0.08447088,0.080414651
2018/4/16,0.337168473,31.07955827,0.337073561,30.99782518,0.168920918,0.083842353
2018/4/17,0.36897099,27.11903791,0.375357391,27.24405103,0.190267936,0.089026665
2018/4/18,0.333669772,31.43743942,0.334622637,31.40128322,0.183177123,0.092342541
2018/4/19,0.274956455,25.5983175,0.283667595,25.79917462,0.094621914,0.092426945
