date,sigma_ivx,ivx,sigma_gvix,gvix
2015-04-20,0.5052376817257845,44.072628431303364,0.5050628503860403,44.39636497928681
2015-04-21,0.45451314377490476,43.11671272842345,0.5247199236466416,44.18110517897351
2015-04-22,0.4012974641523166,40.12974641523166,0.41351573961764587,41.351573961764586
2015-04-23,0.41059712280786975,41.059712280786975,0.4160606236708549,41.60606236708549
2015-04-24,0.4189299470473405,41.89299470473405,0.42569853529220003,42.569853529220005
2015-04-27,0.40850593395416424,40.61363226541876,0.4193272166114718,41.70714482130195
2015-04-28,0.4349279420699469,42.93965078294713,0.4395176285393694,43.42523778049133
2015-04-29,0.4325406383656102,42.49339499842685,0.43646163734093174,42.9207683882076
2015-04-30,0.4351372704536314,42.74921830458946,0.4384139287238691,43.141436138882575
2015-05-04,0.436739489457284,42.36732543577605,0.4393461756487626,42.767634731604936
2015-05-05,0.43243347554354705,42.134323436113206,0.43318350196774796,42.35399639439766
2015-05-06,0.424607459791508,42.057335541955126,0.42553367364940237,42.34240056538069
2015-05-07,0.44804761863120984,43.285188268244376,0.4545163726843767,43.90040104394451
2015-05-08,0.4283064301873192,42.784206625178165,0.43422541488685673,43.38123137987874
2015-05-11,0.4200233625945378,42.32450902586088,0.4185633686247219,42.51734914278584
2015-05-12,0.4236023911125296,42.51546853096849,0.42481758920848983,42.78497652991009
2015-05-13,0.4081771490077182,42.18215218544814,0.40994838620688107,42.538549461982996
2015-05-14,0.3961013154442723,41.650891451770754,0.40017013188266315,42.132452653580025
2015-05-15,0.36486499485584156,39.05650879212184,0.3638875773734059,39.16001951622294
2015-05-18,0.35449451927559794,37.191710317056184,0.3529041807163387,37.10958169991815
2015-05-19,0.4028808666868066,37.43696659733358,0.41024487503787116,37.778961070492926
2015-05-20,0.3860105890907178,39.388226401068295,0.388553761134283,39.60301777361039
2015-05-21,0.41022030666708387,39.36632514476345,0.4103754375733786,39.41968632885926
2015-05-22,0.4226734747607915,39.74065700326076,0.4231990225465499,40.011293965131124
2015-05-25,0.5043586420545261,40.8838415695653,0.505128554398737,41.36539118013631
2015-05-26,0.5209258365554351,41.97403799199885,0.5376008995268837,42.59349209196423
2015-05-27,0.43504889619796827,42.66054257651073,0.440724923250818,43.24819535510531
2015-05-28,0.444837790953793,44.13110918226715,0.4463323882547324,44.307580342050436
2015-05-29,0.4553146952427397,43.280449009499215,0.4590668538709218,43.47078760855752
2015-06-01,0.45951921649123734,42.96824340733389,0.45971864366028115,43.00663749373456
2015-06-02,0.4661357482189769,43.97438436210943,0.46855634799296614,44.230220353683066
2015-06-03,0.4838586254021264,44.30371004180575,0.4853487592933369,44.41933402604759
2015-06-04,0.4641584418929026,42.9896130687803,0.47189970430156786,43.74491911678615
2015-06-05,0.46969595685674653,43.26983178731253,0.4771304627147582,43.94875195263722
2015-06-08,0.4282673895129757,39.95417379579922,0.43571019761240987,40.99856673111246
2015-06-09,0.4857850156628932,44.979651094956566,0.49169507876020757,45.80396997274838
2015-06-10,0.48326208742436416,46.00205523851348,0.4846649290149771,46.95645504794646
2015-06-11,0.4954674733572299,48.02750781637226,0.4963303055596776,48.701612115361634
2015-06-12,0.4739609755892627,48.50400796741631,0.4747781405729835,49.27767972549456
2015-06-15,0.47049459710513736,46.547585138233366,0.46921040687790533,47.230149673581764
2015-06-16,0.4571593504040568,44.99468397850305,0.4693827475691844,45.06321362404415
2015-06-17,0.4837392816960095,44.95963696369974,0.48690444958185375,44.83134297970221
2015-06-18,0.34403770686796514,47.493938007280065,0.36942291150797313,47.48554903081653
2015-06-19,0.35898298333424755,52.1013154981562,0.35866696248770463,51.490004120447516
2015-06-23,0.600100458491341,51.52135290898815,0.6168650194380363,50.924537988224195
2015-06-24,0.5069522475885986,49.866098330541256,0.5045026489918497,49.71825971717433
2015-06-25,0.4814031442114321,47.70462207286806,0.476143137860589,47.279921990063876
2015-06-26,0.5678883164928133,54.75772009103815,0.5543596937406655,53.59677636161063
2015-06-29,0.7618988738930175,66.94372556605968,0.7585024011717079,66.16209938138503
2015-06-30,0.664217942740571,61.64517132416969,0.6588435389561075,61.453752987602805
2015-07-01,0.6273526826717253,59.77018394684196,0.6188587455603294,59.328328107179786
2015-07-02,0.668110173794235,62.38537093039406,0.6561685745337857,61.59808485274585
2015-07-03,0.6823666526586077,62.67061026298186,0.6700602223995166,61.62838030214258
2015-07-06,0.6941031790989817,64.18346800018261,0.6880203040062985,63.57589981397164
2015-07-07,0.6134128980217295,58.020960262510016,0.6130704873542191,57.92917011514038
2015-07-08,0.7487137534081284,62.52458177184212,0.7408849956308632,62.06102586936317
2015-07-09,0.7047856584225827,58.59500010525694,0.7028141067870057,58.80190698867642
2015-07-10,0.6797115911040238,56.64232722495287,0.6838632763411934,57.146908006579764
2015-07-13,0.6551919542804013,56.21532187991498,0.6573837573783123,56.37689750338365
2015-07-14,0.5446030137856666,52.089024853552125,0.5425887403958142,51.983400805811065
2015-07-15,0.4909234541548293,48.58494050094355,0.4875726337929436,48.537458866790764
2015-07-16,0.4321665151035109,43.890202473851836,0.4327380801175277,43.95580349657683
2015-07-17,0.41810438095526814,41.88828160261481,0.41782471392237,42.059412001157995
2015-07-20,0.5140566457313541,42.79763707116687,0.5128021933916955,43.42983847179852
2015-07-21,0.4989404378919899,41.940877472794085,0.5287906462994899,42.28728499989944
2015-07-22,0.3274575740128731,32.745757401287314,0.32508998121670063,32.50899812167006
2015-07-23,0.28746933536600666,28.746933536600665,0.29224279153427957,29.224279153427958
2015-07-24,0.3281481681153262,32.81481681153262,0.3299843137634049,32.99843137634049
2015-07-27,0.4121211544739445,40.89742340680651,0.4121054835944909,40.86870944105882
2015-07-28,0.39072605485651835,39.44682460579804,0.3857664919072105,38.945308052649786
2015-07-29,0.4422852812054622,43.93550156182045,0.44351309618991525,43.97558940072204
2015-07-30,0.3798977993302636,38.91716684885659,0.3706716614086667,38.0277608517151
2015-07-31,0.42298536082156213,41.937606131582974,0.4210797744691472,41.68972849361576
2015-08-03,0.44340934764896345,42.95533307745375,0.4381788858261993,42.53815699175594
2015-08-04,0.4043007195797789,40.63033141170562,0.4049472842698604,40.68108514551015
2015-08-05,0.3994680715286519,40.41703964730364,0.3992835953329186,40.19065137320247
2015-08-06,0.41099957943616594,41.44453045392495,0.41326424247123,41.38384189461849
2015-08-07,0.4053471903194152,40.94752284200287,0.40333783213382357,40.53742243298558
2015-08-10,0.39647513590938616,41.17033886973286,0.39813027131566986,41.34830220814171
2015-08-11,0.3953640283304449,40.63220862616555,0.3968931357429416,40.6451302842665
2015-08-12,0.38784778788534613,39.93102314188705,0.3881376217661452,39.745334353780834
2015-08-13,0.38974957936339205,40.22073196677071,0.39454913431685434,40.42559650130917
2015-08-14,0.3782939878028606,40.4309039877802,0.3847781625347199,40.7933265073406
2015-08-17,0.3918210039551644,40.10523241071578,0.39154110268807685,40.365404958521374
2015-08-18,0.4031608484538059,37.90253722940024,0.4051265017772674,37.90725567713123
2015-08-19,0.3778948568724971,37.7737126499034,0.37972620794982254,37.282369565354685
2015-08-20,0.32931098302361217,35.54319379024999,0.33062814907917726,35.422053856634015
2015-08-21,0.38989734775662854,34.610416811297476,0.3933125691838066,34.42555665856329
2015-08-24,3.6353040866424897,104.60252148579418,nan,21.176866892162156
2015-08-25,7.673365457808177,132.27632951731886,nan,42.50286560975148
2015-08-26,0.60825179829357,59.31694158077008,0.5860188309682623,57.07966236910301
2015-08-27,0.6184406731293624,59.99831205344559,0.608738340376872,59.0841879052317
2015-08-28,0.6288110238722954,60.529240928549065,0.6249284795933963,60.24360681909842
2015-08-31,0.68060501645254,63.41212688703762,0.6791191627049921,63.08142096473096
2015-09-01,0.7091258682131559,64.74684459024772,0.7117737934632186,64.44136978946737
2015-09-02,0.6301531034351326,56.21659003284029,0.646594687787398,57.43383245938733
2015-09-07,0.6885915696275047,58.59440058048011,0.6889800912328041,58.688097556294416
2015-09-08,0.5322100000574491,47.75149330320926,0.5358554816222412,48.4041334482391
2015-09-09,0.5363659040564693,45.68893010242242,0.5408805419058852,46.44787184847828
2015-09-10,0.4677914513373167,41.732487512510815,0.4713280849150536,42.454640531877025
2015-09-11,0.4505988378833894,41.360312455808106,0.4535048042982856,42.01769616433255
2015-09-14,0.4970487190211128,36.631584361899186,0.5028984152817908,37.33814053954194
2015-09-15,0.5425255205470784,45.16185240395531,0.5473047164184474,46.05102028919743
2015-09-16,0.4468233285417421,41.10883550203761,0.4512969598058046,42.40205574967897
2015-09-17,0.4683144732969371,41.534711409701885,0.47165515233382294,42.35730916137603
2015-09-18,0.42449927679974825,41.0936133306661,0.4268022203731499,41.76408680780368
2015-09-21,0.4807410096625058,40.709393801395315,0.4873346234912633,41.366974853234645
2015-09-22,0.39369493410981043,37.46235143513706,0.4073998096964387,38.277008847855214
2015-09-23,0.39173103309260543,39.17310330926054,0.3985851558195669,39.85851558195669
2015-09-24,0.38012865265045337,38.012865265045335,0.3858548929033205,38.58548929033205
2015-09-25,0.3473562365857095,34.73562365857095,0.35534183273018954,35.534183273018954
2015-09-28,0.3250652520545212,32.2900312311973,0.3309168286895555,32.807179969803286
2015-09-29,0.3270218907906415,33.2431737098607,0.3324627556173814,33.68020475702991
2015-09-30,0.32176935304000315,31.69354725479202,0.3254189936035115,31.988046311531722
2015-10-08,0.32979276213270586,31.78084873889745,0.33457942821503,32.08464352543486
2015-10-09,0.35680790356143866,30.785487139182894,0.3610222530063577,31.26479845335406
2015-10-12,0.3414653109859543,37.879166599986796,0.347075427861262,37.802069246200396
2015-10-13,0.38041599539690063,31.888820133803964,0.3866423822071364,32.404611564331546
2015-10-14,0.34508638544372067,30.802090661496663,0.3475259956909986,30.96798333201911
2015-10-15,0.31786514536355615,26.497471594529358,0.31954387649185695,26.62555387894746
2015-10-16,0.21122861949599983,29.605085322562257,0.21250851709470933,30.19962518209344
2015-10-19,0.24094523118999403,31.264063005145122,0.24255443010317138,31.971847944826127
2015-10-20,0.331762718760166,28.36306347663056,0.3350454183679734,28.731018308317168
2015-10-21,0.2527945727698459,35.39371283573518,0.25458113244892167,35.454989109185796
2015-10-22,0.23321188047089592,33.186439348495625,0.24611054257071838,33.822068720071165
2015-10-23,0.32979147988607405,28.845824722765407,0.3301760617471051,29.263401520409175
2015-10-26,0.4129979868816333,29.886611979076733,0.41300774252147,30.31960844965188
2015-10-27,0.4938228334639201,28.59922925850014,0.4991119926637405,28.96492085382062
2015-10-28,0.29179834069653154,29.688520304516974,0.2952352922117494,29.953672894101462
2015-10-29,0.281483298706474,29.031585367687406,0.2843127623728806,29.211735912397007
2015-10-30,0.2561407349420415,27.400669259231737,0.2581704936576216,27.458964079602392
2015-11-02,0.3142767211709949,31.281476062570352,0.3171964802044582,31.59748093937347
2015-11-03,0.31867786100912154,32.052639648011116,0.3238749807481807,32.499766657286685
2015-11-04,0.27060427480199056,29.513906486830056,0.2744323625472397,29.9134692507026
2015-11-05,0.28114821385037114,32.120342277848835,0.285314733702953,32.426822564718655
2015-11-06,0.25088115634266356,31.81049908456859,0.25470557999669147,32.05695365334515
2015-11-09,0.3901332570753194,40.920588364753975,0.39703215932491864,41.1160828933218
2015-11-10,0.41727744808533157,42.31296620267633,0.4204400067214146,42.53948729118619
2015-11-11,0.3664122052328751,39.79000619987272,0.36740126983722643,39.777474793258435
2015-11-12,0.36018492193723095,39.46398649488142,0.361734107724308,38.99246056975601
2015-11-13,0.33028495055403473,38.1161344565749,0.33032312319689144,38.03641942226349
2015-11-16,0.3737029466967805,39.138926132545805,0.37359700653260824,39.072767435985014
2015-11-17,0.36889535783565497,38.71604222275063,0.3684430212158994,38.87430382963481
2015-11-18,0.3592507990219795,35.54988497819912,0.36162840608513963,35.876153541558764
2015-11-19,0.3005440550085252,35.91290416062846,0.3087178961118907,36.33730110734639
2015-11-20,0.31720055063481417,32.83751170073177,0.3186627623173822,32.92921075563579
2015-11-23,0.40319189756801965,32.19616453408905,0.4032597897729055,32.52023947628477
2015-11-24,0.47927279393513056,31.52425670096653,0.4861290714637112,31.76831761513408
2015-11-25,0.2862058363477365,29.0495672752394,0.28449327729735413,28.83970725190209
2015-11-26,0.2768616383995124,27.24378768752882,0.27533987475950383,27.13637222495258
2015-11-27,0.3653928424971,36.46847071129955,0.366496235280328,36.827687328701316
2015-11-30,0.3702001355476463,33.3491065221171,0.37367727364125214,33.59300342019339
2015-12-01,0.3701059156745178,32.89045546683088,0.3721628695013867,33.027695840614726
2015-12-02,0.36728192111940217,32.77217132778783,0.3686782796769828,33.04541096451311
2015-12-03,0.3273121839192673,31.290858746044098,0.32857846265123997,31.544938105296055
2015-12-04,0.3473577351086441,32.589789133686445,0.34749991253877816,32.6836259478498
2015-12-07,0.3269340227177187,29.933787365780496,0.3273811160940725,30.108575481746275
2015-12-08,0.31607845449013083,31.092065790813923,0.3189203528395856,31.4322381180339
2015-12-09,0.30534575658773255,30.86562214655208,0.3088993009109977,31.200252775457272
2015-12-10,0.3399802182014973,30.430153263151162,0.340413265303364,30.157570791779825
2015-12-11,0.3366620043630994,29.896289673875785,0.33715986452869456,29.93861355216817
2015-12-14,0.35990368294557773,31.635614725537366,0.3611911578264164,31.83498812687249
2015-12-15,0.3277303398906703,31.29128161513648,0.3312526477075381,31.502744861774158
2015-12-16,0.25782672559013037,31.17197994622613,0.2666422981462367,31.432253017739153
2015-12-17,0.3306235934932099,25.939883402083936,0.3305778344172047,25.805043668342286
2015-12-18,0.26343724475979374,28.500705577120307,0.2681798967139262,28.84954686186003
2015-12-21,0.39741005841245036,22.663609326930203,0.4001406147948711,22.79551080870832
2015-12-22,0.3722496042903439,25.401108230762066,0.3872193624846819,25.39703505560313
2015-12-23,0.2702997597756113,27.029975977561133,0.2744353596633829,27.44353596633829
2015-12-24,0.2977648087962545,29.77648087962545,0.30135914525745894,30.135914525745893
2015-12-25,0.2916992448121173,29.16992448121173,0.29417908813420773,29.417908813420773
2015-12-28,0.25325027685947427,26.509512429227193,0.25576757292653307,26.81675318746308
2015-12-29,0.29921064311802753,29.54162201927147,0.3007350774590143,29.68795906687596
2015-12-30,0.30299359752602817,29.675808928798723,0.30551227220250465,29.90423318817334
2015-12-31,0.2516562598753613,25.780923873323257,0.2537962619034744,25.98734742103666
2016-01-04,0.3368058068917363,33.76340650079098,0.3371309070579909,33.939118409099414
2016-01-05,0.34113500401551616,32.11033437447108,0.3399412974118247,31.95207481351031
2016-01-06,0.3072192503187704,30.900506619810912,0.3099585700060484,30.994029883565126
2016-01-07,0.37190137964209347,35.140007207529855,0.37308106646096895,35.11204654608143
2016-01-08,0.3906796266295731,37.32304426760892,0.3929841124597211,37.46882988221874
2016-01-11,0.37240332351129996,35.35288737443025,0.3685470388661849,35.36074751822198
2016-01-12,0.41118615301314076,38.92378949408942,0.41553317197987355,39.3167379683101
2016-01-13,0.4103121859210648,36.16983970627692,0.4105378076733471,36.02438962836323
2016-01-14,0.4051834887530185,38.660233986219176,0.4095069732429212,39.05356136381922
2016-01-15,0.3971903999543625,34.97087623311219,0.3972606543250443,34.733311215079695
2016-01-18,0.41440020341411743,38.39710373124838,0.418415138664379,38.44808509925225
2016-01-19,0.40618079316239075,37.453071246952454,0.41381868060653965,37.889931381703356
2016-01-20,0.3908495309229441,37.66176826987589,0.3941413552608434,37.96480554077739
2016-01-21,0.38421770686254364,37.71815361230833,0.38761716639700783,38.01323958740792
2016-01-22,0.35480057455886566,35.742815505373784,0.36201946557253595,35.96336222330977
2016-01-25,0.39977848214606204,36.59246288580158,0.40598356310813294,36.76067177155255
2016-01-26,0.5367157860033077,35.95862615437721,0.5478748114861433,35.78705799192123
2016-01-27,0.38060479348727877,37.96181165888684,0.3774449573166529,37.62855204891589
2016-01-28,0.37099703200895184,36.85406079632977,0.36703145662139897,36.4110451707188
2016-01-29,0.36832460549956303,36.967363514469035,0.3729545975988073,37.2323335978604
2016-02-01,0.345388954448617,35.1108116771396,0.3457857436753578,34.97010237871017
2016-02-02,0.33630816271399916,34.41305192379622,0.34128449324671156,34.63499937125431
2016-02-03,0.3201654969488812,33.6084106410454,0.31962539608522694,33.37460914403832
2016-02-04,0.3384906345843954,33.84897150732728,0.34369437569410527,34.07554880646987
2016-02-05,0.3483069887253186,34.6295608081472,0.3500108543244291,34.54660177731566
2016-02-15,0.38687587464093853,36.183196805759124,0.3869106742054391,35.95834025702785
2016-02-16,0.37825179635709094,36.07335194931277,0.379558839000107,36.07908665993044
2016-02-17,0.3530286753332649,33.655357914620105,0.3566438192122446,33.78572804347024
2016-02-18,0.3615880352262527,32.259260844762565,0.36493408929639487,32.40411333634896
2016-02-19,0.32957052919778157,30.963986526276777,0.3306181555915899,31.03247923176722
2016-02-22,0.41965382550558245,29.066746435500107,0.4205519091834062,29.285404979921136
2016-02-23,0.4186444803409815,32.68607948316563,0.4669225647872171,33.034117325065296
2016-02-24,0.3113250742242167,30.9694553599194,0.3140211840087096,31.213799968363777
2016-02-25,0.3202392579882065,31.139103218853688,0.3220620739732704,31.327534805187746
2016-02-26,0.31688394155756233,30.879806859224768,0.3178281356982171,30.954249456880113
2016-02-29,0.3239857958080204,30.705151765960743,0.32685192625082415,30.931117022375815
2016-03-01,0.29374790624308816,29.35859836423734,0.29836754364861884,29.813516831177527
2016-03-02,0.34042601231270064,30.82886998581065,0.34360583065370276,31.21874353221114
2016-03-03,0.3470388516485694,31.14441343057574,0.35030792030520563,31.380307944320656
2016-03-04,0.3184271691179458,35.18002039313007,0.32462781307239036,35.07467548734973
2016-03-07,0.35646931666835374,32.7331917025519,0.35895125719627136,33.14838507710372
2016-03-08,0.3462545005000885,32.39309040957516,0.34974603646197716,32.86682066366903
2016-03-09,0.3565558790333613,31.51274854031624,0.35926841865114556,31.789682450992316
2016-03-10,0.3526248757595174,32.96142221338135,0.3534538099885936,33.226240015405104
2016-03-11,0.3616870597737225,33.34446789059569,0.3656727174935011,33.73786622470925
2016-03-14,0.3484572948302286,32.62274056675234,0.3539052241769385,33.238102637957574
2016-03-15,0.33265178701687986,32.0865879090549,0.33485845440807366,32.28006775825992
2016-03-16,0.3796968648065281,32.93076758715701,0.3794565648669531,33.72001523670009
2016-03-17,0.22046776093992362,31.148225206054025,0.23996496668584638,31.830222621102592
2016-03-18,0.3447125672519659,30.650934407915265,0.3491462301782833,31.030748237940937
2016-03-21,0.44451492143102145,30.655833902302888,0.45024801175748913,31.2200440537675
2016-03-22,0.4265238811312202,32.716815166874596,0.469386743483418,32.954367386829446
2016-03-23,0.3334500302354627,33.34500302354627,0.3391705744287709,33.91705744287709
2016-03-24,0.32377099794757497,32.3770997947575,0.3257485411495925,32.57485411495925
2016-03-25,0.2967006847003318,29.67006847003318,0.2974937589509825,29.74937589509825
2016-03-28,0.31287051887254963,31.18699422022581,0.3141183909484301,31.312217639097838
2016-03-29,0.30232266184771617,30.041394055825492,0.30200283793687566,30.00791162202742
2016-03-30,0.29806626134909703,29.53165562480097,0.2992703462249714,29.667411006527377
2016-03-31,0.3044853579993937,29.9660524669909,0.30547734753159456,30.08830887025791
2016-04-01,0.3167203986411344,30.525851493893224,0.3185623208360157,30.740104388229035
2016-04-05,0.326989226198852,30.14418023872824,0.33289610682023657,30.67772664778829
2016-04-06,0.3083131957044481,29.81168726575671,0.3103862115490997,29.980277319045882
2016-04-07,0.29603077524379845,27.75964320152877,0.297801998165286,27.93654670355731
2016-04-08,0.30903745746237565,28.795275587459972,0.314363787716984,29.140105068238054
2016-04-11,0.289162182939513,25.72534427168828,0.2899435551500482,25.79741711999612
2016-04-12,0.28043901599486465,25.865171790577367,0.2812448977469325,25.955458817469797
2016-04-13,0.21606629818485854,22.26637118820103,0.21554738266083404,22.505005626
2016-04-14,0.23893221981958276,22.271897556090163,0.2436368011273396,22.55729800428268
2016-04-15,0.23251433412096892,23.29848493656537,0.23781969994742752,23.282823112747714
2016-04-18,0.2921768955878956,25.720330557834547,0.2921445192175984,25.738156831567256
2016-04-19,0.18779198606489209,24.733747144152485,0.1890004809447036,24.83266062422312
2016-04-20,0.2805896379060763,25.60975350380866,0.2818779893454281,25.71026113788276
2016-04-21,0.28273851834826286,25.03434329802323,0.2845215755361107,25.103321673517083
2016-04-22,0.28656987821314955,24.56812723754372,0.28784265537154313,24.654764757918215
2016-04-25,0.25222460630761706,24.864772962498375,0.27914758158565794,24.95596831711994
2016-04-26,0.4599866235872785,25.368973505888125,0.46053762634478457,25.44329432205509
2016-04-27,0.2612659648841898,25.905345931795537,0.26254209223169317,26.039010803546663
2016-04-28,0.24605360474213586,24.689039207324733,0.2475925301830026,24.841022364373533
2016-04-29,0.19069483002378593,21.211854661419533,0.19588507561432494,21.594008574305143
2016-05-03,0.23195590872334973,23.085275192687273,0.2328498315530248,23.19371721140144
2016-05-04,0.23564294645943354,23.075884751975174,0.23612872211692154,23.13870291820158
2016-05-05,0.23582213744588573,22.91872885181081,0.236291978298623,22.993607230951994
2016-05-06,0.24237607098790614,23.557208024800765,0.2428298995629108,23.615676221173498
2016-05-09,0.23080934387738913,20.218490869606942,0.23069083050697523,20.25587584137075
2016-05-10,0.23250882919184118,20.555579571814434,0.23263052793667136,20.57364689878389
2016-05-11,0.18504436271765104,16.47879930151534,0.18977254017099088,16.7968099256193
2016-05-12,0.17207603725111528,24.747603437813996,0.18124240816551393,24.826493278176695
2016-05-13,0.16754400578204487,25.22015607552779,0.17664423947834124,25.27020952140128
2016-05-16,0.17014509774480516,25.217567716998623,0.1849457316444779,25.27812328919923
2016-05-17,0.14736727517598572,15.454437868031757,0.16062387419879803,15.539573719206023
2016-05-18,0.1591189217544808,12.603096541202827,0.1629890177850754,12.700205623862393
2016-05-19,0.1794482800649386,13.47862956797006,0.18703558062535774,13.473216777805238
2016-05-20,0.113872151941826,24.030502625719063,0.14235848292784292,24.296441805556153
2016-05-23,0.10398270435493415,23.725751035375854,0.1543511988868078,23.946790799048596
2016-05-24,0.22469218008110659,21.43475137503644,0.2754008808522018,21.683153594054712
2016-05-25,0.06926241603670945,9.62693769929647,0.06934421571603605,9.697837096134288
2016-05-26,0.04800716671281054,11.654125117068839,0.04774074167619162,11.409298686909326
2016-05-27,0.12577732719551088,16.44070420760859,0.12568207722968686,16.21921476542168
2016-05-30,0.23271156520274344,20.822970439381464,0.23448664236441802,20.902918134655163
2016-05-31,0.2322896241911313,21.251210823629986,0.23357506577294232,21.416573258380385
2016-06-01,0.23676576265899202,22.24830497544345,0.23774208819016993,22.355383253882437
2016-06-02,0.23882181856655546,22.401366807596503,0.23988562948028094,22.515204273470232
2016-06-03,0.23603128734819198,21.838821306344215,0.23626045148672872,21.916580199337258
2016-06-06,0.23543188005987098,22.229516507592493,0.236674218706078,22.34373167338918
2016-06-07,0.23512457696744715,21.99098582427595,0.23610809892214463,22.092942479689896
2016-06-08,0.24530315575815342,22.717155276111434,0.24693693132803868,22.849088231565247
2016-06-13,0.10127470657989684,23.112265872854962,0.10350077069137537,23.259817646443196
2016-06-14,0.28631001519389976,23.51277970790441,0.2868661996086362,23.610605722354098
2016-06-15,0.26273246855990967,21.360230963942314,0.26372404594333154,21.445596244164054
2016-06-16,0.2737087011127937,21.75691591361124,0.2741551343476284,21.823399166873298
2016-06-17,nan,20.644746632584877,nan,20.777336984008482
2016-06-20,0.28840506482465494,21.025333060103797,0.290881924545623,21.22192123721757
2016-06-21,0.338614988459289,21.117280078459984,0.34207345457528754,21.289544844912513
2016-06-22,0.135920433500644,13.592043350064401,0.13577787902533006,13.577787902533005
2016-06-23,0.21645682421834506,21.645682421834504,0.2182618780254806,21.826187802548063
2016-06-24,0.23474991937669273,23.474991937669273,0.23577160899101712,23.577160899101713
2016-06-27,0.22173104427916254,21.990797402656007,0.2228791988197347,22.106478542772408
2016-06-28,0.13791753059358747,14.780661294431537,0.1366607363242256,14.717995314990656
2016-06-29,0.22559463899984655,22.392408526484267,0.22737946008495366,22.56976861628943
2016-06-30,0.22194789877386414,22.096271286900855,0.22355729509144204,22.25295205569367
2016-07-01,0.21310729664862377,21.196967605595248,0.21407934952166247,21.301298916778606
2016-07-04,0.15136020828991512,14.51798073913797,0.15370635147246609,14.635926165448012
2016-07-05,0.22195489007794061,21.735249022383858,0.22407312280050676,21.910213613332346
2016-07-06,0.07906393365526551,15.131956302141559,0.08103598935008643,15.243314583032822
2016-07-07,0.2260422781919768,21.758679953416056,0.2274778385145972,21.89456864936645
2016-07-08,0.15690865185876257,16.777194818127654,0.16124796853777776,16.819386422784792
2016-07-11,0.2246372889215463,21.710525639582183,0.22650164198222844,21.846059450113557
2016-07-12,0.05471398487329376,15.618029654641877,0.05724501544628012,15.538467472864825
2016-07-13,0.22659768775521216,19.39083061789355,0.2290505740341784,19.300512005574706
2016-07-14,0.010477739423905466,17.357037895068284,0.020023737996660636,17.224132548729163
2016-07-15,0.22781002817599139,19.54822390455268,0.2303454343962658,19.44249497118169
2016-07-18,0.15638076175247478,23.900648780103822,0.16913104353104777,24.19159265334715
2016-07-19,0.08146847074554985,18.55254450443469,0.08231303466297486,18.821396653535373
2016-07-20,0.2547041581644508,20.41337593660273,0.25600000114309085,20.519865073484862
2016-07-21,0.1461304300134895,24.59992452358889,0.1625823998221072,24.762903347097332
2016-07-22,0.2729277081880899,22.37394603034289,0.2729861600486768,22.42425717468319
2016-07-25,0.3513629333979315,22.235751391497224,0.3515038703804034,22.275494657295187
2016-07-26,0.13508133491460525,24.57378960065305,0.2833327989503668,24.867861615116173
2016-07-27,0.20488805546114577,21.074383002359852,0.20743354932212804,21.31278413497779
2016-07-28,0.21291445071351592,21.685599757333378,0.21409257271777632,21.79500764541756
2016-07-29,0.21817852341531727,20.18345064229425,0.21859401431750833,20.276588640495053
2016-08-01,0.21947593129140605,20.368158262527285,0.2204356897949924,20.382894114820278
2016-08-02,0.21604097476997822,19.837263934791977,0.2170880033833573,19.84629996918093
2016-08-03,0.21706011323341004,19.655473855789616,0.2183284482173358,19.67049930738455
2016-08-04,0.2186798190441128,19.472419356826006,0.22038177756135618,19.498675651280134
2016-08-05,0.2085692422116197,20.450497341432587,0.20899416193648926,20.507688243715332
2016-08-08,0.21778471717812814,20.131506528908545,0.21808977002614724,20.18468502133253
2016-08-09,0.13833157422745435,15.74278096322122,0.1422041112352827,16.013806208647487
2016-08-10,0.13237767795556998,17.419826945152128,0.136307704504806,17.627670864876787
2016-08-11,0.1303209041592031,11.252306629347512,0.13985371084526166,11.488876739661483
2016-08-12,0.1481405393547409,10.966279626688566,0.15255793205408394,11.1097450078932
2016-08-15,0.048606250781652136,17.215948372991573,0.054165139654774055,17.4350085571604
2016-08-16,0.26028169002908397,21.251297709362227,0.26075220921402054,21.295016296497757
2016-08-17,0.2644935961759607,21.22948951187313,0.2643385626589367,21.233945426906676
2016-08-18,0.26383076125694516,21.024046945982814,0.2662130520382083,21.051122995576392
2016-08-19,0.2756167586836824,21.228608194325734,0.27555317982799277,21.227385336886247
2016-08-22,0.2646090030003689,20.229594047553924,0.2765383654993903,20.27403042741414
2016-08-23,0.31506772560461216,20.8105902566134,0.3392003266093586,20.852067187601335
2016-08-24,0.21335659734706486,21.335659734706486,0.20933590077595954,20.933590077595955
2016-08-25,0.18381669156263084,18.381669156263083,0.18592734486783938,18.59273448678394
2016-08-26,0.18453765314478449,18.45376531447845,0.1867296343369658,18.67296343369658
2016-08-29,0.19920828839567567,19.96383647150564,0.2011111393546671,20.150760876488857
2016-08-30,0.18932526282887802,19.228470420331504,0.18736083945783932,19.068206320503247
2016-08-31,0.21128988616961009,21.298848154883235,0.21203271245720196,21.378652338149706
2016-09-01,0.18515025585540898,19.631257621398625,0.18712215322808545,19.84066477138386
2016-09-02,0.19886976759212513,20.745692826516436,0.19691011684643148,20.67104491831741
2016-09-05,0.19836007714113488,21.256089695278124,0.1964213681739528,21.23302723274641
2016-09-06,0.2230357139044316,21.410099850862288,0.22398730184955049,21.267107511901905
2016-09-07,0.22502597307600672,20.599823491010554,0.22564546544236527,20.533454097776456
2016-09-08,0.22334501888805586,20.333418300548878,0.22403096661748212,20.257911437144273
2016-09-09,0.2171364661760588,22.35430621728131,0.21974050676840928,22.533773532749183
2016-09-12,0.23417255585444904,23.499860048923303,0.23411328244306306,23.13746277588909
2016-09-13,0.2181532674894758,20.452007455204566,0.21871502424013137,20.47140616240723
2016-09-14,0.11842886453739845,17.083579311858077,0.13196476112419836,16.895833427619618
2016-09-19,0.22577922313709664,23.249299620339535,0.22699858177711726,22.866981891152548
2016-09-20,nan,22.653417546968075,nan,22.26162605554881
2016-09-21,0.23669390930815493,20.28218599222295,0.23801093411198357,20.298689545852834
2016-09-22,0.25259051889805884,24.1416195547444,0.25324475984855865,23.69859785510112
2016-09-23,0.23058762236094954,23.896391012657457,0.23150728579021618,23.46539536512793
2016-09-26,0.168138249530002,11.18266053468809,0.21911231995637176,11.957527958226757
2016-09-27,0.12245660303102042,7.494341047714142,0.2268607684491744,7.553640204236363
2016-09-28,0.09676552718487334,11.121378891433022,0.09631529509335256,11.152795755802336
2016-09-29,0.09373038426752155,13.083530551896091,0.1027548171156553,13.618134402277715
2016-09-30,0.06713932995317538,12.531713066875078,0.06827833807668104,12.62349062997723
2016-10-10,0.05937226166855128,17.1922238795561,0.060657150546609744,17.31355677544007
2016-10-11,0.13475406474367568,18.29004655081656,0.13749314798412182,18.472999844357474
2016-10-12,0.21726540876179026,19.86480858984543,0.21808216464793292,19.94868202634904
2016-10-13,0.21770578821825148,19.734689417889047,0.21862972780972587,19.823110396760697
2016-10-14,0.12701358130029544,21.450160846854825,0.13082705805616837,21.0916483255033
2016-10-17,0.233938896176749,19.45258245638338,0.23404122467030197,19.49874672618752
2016-10-18,0.14866788695320854,8.165402961653411,0.16158225670046772,8.443256412097378
2016-10-19,0.1365843032079107,10.8658241193788,0.1579717944569639,11.334334942088233
2016-10-20,0.13371856277533767,8.379900699081505,0.1499111073298207,8.572434257404622
2016-10-21,0.2612501764108716,19.06430539863324,0.26276972484678135,19.080881531442838
2016-10-24,0.16637292546192442,12.531754288196403,0.21524223262164635,12.820495752542588
2016-10-25,0.14163964450266023,10.825552758631643,0.23200230202901848,10.823281208304431
2016-10-26,0.2028223169623737,19.909349617012655,0.20394204163778995,20.0401068418339
2016-10-27,0.19908923293578448,19.6167697160697,0.19945829282455807,19.64640377028174
2016-10-28,0.20098723409476124,19.482068323035485,0.20158007826684096,19.570695879813012
2016-10-31,0.20390639181390618,19.326527747657718,0.20429519496740323,19.414717817346578
2016-11-01,0.20930016332599555,18.86443608077387,0.21147875895991633,19.12376412782274
2016-11-02,0.20896196366104558,19.570776973520598,0.2090607619139616,19.546087870344124
2016-11-03,0.10974008851965873,17.801248731059072,0.11621819578688941,18.170901720746084
2016-11-04,0.12307054383240885,18.69420895235313,0.12963531996379019,19.080143070723228
2016-11-07,0.098193851502057,16.123961894414787,0.1002278323543787,16.188497194679975
2016-11-08,0.21905450869585838,19.195469217055184,0.21981078860721934,19.23105294655949
2016-11-09,0.13357684183567914,20.705692703603358,0.13421637331602612,21.003726824843568
2016-11-10,0.21008014570719982,19.64758947009287,0.21024885088641995,19.61833209809344
2016-11-11,0.23399911679142407,18.158028977166488,0.2359755951775017,18.45185619360646
2016-11-14,0.15518028664425926,24.526849571234234,0.16189919834151384,24.754902546189836
2016-11-15,0.048176546298311126,17.084724449168185,0.050359077823601696,17.40017745181457
2016-11-16,0.25052803709240984,17.748332632416993,0.2529985965837502,18.05726487913902
2016-11-17,0.11858614378113862,25.10875757954805,0.13380027986059112,25.405021995359444
2016-11-18,nan,17.752012044692364,nan,18.03728173576627
2016-11-21,0.22316406488959833,23.42038619726969,0.24001709483345873,23.224950838474136
2016-11-22,0.1556797059113544,19.756659882603437,0.1629934778649475,19.690215827065053
2016-11-23,0.18107725545976106,18.107725545976106,0.18442943402837123,18.442943402837123
2016-11-24,0.2317379173099028,23.17379173099028,0.2350102136349363,23.501021363493628
2016-11-25,0.19330046301043316,19.330046301043318,0.19517323298595374,19.517323298595375
2016-11-28,0.19861197728315078,19.987590077668386,0.2019125181708415,20.30357851506017
2016-11-29,0.19840168313216497,19.242563678376552,0.1996738528784053,19.34990226018837
2016-11-30,0.22020992974918233,21.928609341754456,0.22191252339104967,22.10134980533997
2016-12-01,0.18946451319002022,19.50739509228831,0.18812660102278506,19.449603690390553
2016-12-02,0.17975550991723996,19.24549189583126,0.18190463225200568,19.46227343573755
2016-12-05,0.2257987666803912,22.268333738004745,0.22728646353088852,22.408857826151873
2016-12-06,0.17755214715182047,20.005983473009362,0.1793499095289442,20.191666805762654
2016-12-07,0.1678264160013849,19.767791584202886,0.16697023479186335,19.817675304019303
2016-12-08,0.1804285662651015,20.167190869256384,0.17900950873138072,20.187325878401392
2016-12-09,0.19727229453654674,19.430290592436926,0.19945979141691256,19.56981797755122
2016-12-12,0.21125430865634284,18.548468334250003,0.21215894733450785,18.432948844872772
2016-12-13,0.09821765037388548,20.337038399059395,0.09803481219966662,20.499854651142993
2016-12-14,0.2219190337285162,18.041678621757708,0.22314562998509765,18.18145232776804
2016-12-15,0.23784630422906902,19.881260531151458,0.23855837829603008,19.877718386717042
2016-12-16,0.2313264069372087,20.253094664623447,0.23124287603256816,20.19587090350599
2016-12-19,0.2441898588200338,20.044993439564635,0.24535330957365734,20.018808339684167
2016-12-20,0.09485497656238566,18.003698952024365,0.09770944097452822,17.759618774344368
2016-12-21,0.2554453400563397,20.64371088424057,0.2564254688659538,20.5847021912659
2016-12-22,0.25949725585772115,19.82024584253894,0.2613655429104712,19.765522328720223
2016-12-23,0.15862853502706803,24.332802894490005,0.1771132390320339,24.52191559878018
2016-12-26,0.346488064574716,20.892964699098812,0.34943226184440257,20.852225506010928
2016-12-27,0.2539225143402944,19.55144529140924,0.26998849723012275,19.258690483343656
2016-12-28,0.25320049198392064,24.758482708079114,0.2552317962399835,24.94730439589868
2016-12-29,0.24955260805762428,24.136675986202555,0.25153786801725236,24.314077852370392
2016-12-30,0.2113444857410479,20.799082994002426,0.20934294312104024,20.701012517608486
2017-01-03,0.1964138346605149,21.339785096866056,0.19864549646662577,21.325856183238816
2017-01-04,0.26912506159489047,25.521550397758787,0.2724062848796827,25.769283472995276
2017-01-05,0.2706748088059383,25.373660829843033,0.27487128494187735,25.674894907300477
2017-01-06,0.18922778644510777,21.601461042599063,0.19158637432125436,21.721462734737145
2017-01-09,0.1889495478613738,22.310211155665122,0.19124929634495955,22.5315727057812
2017-01-10,0.2255769797184492,19.70673602237926,0.2279024014821626,19.871252039076293
2017-01-11,0.23267890575152164,19.566007280336407,0.2329175389318239,19.610053568782966
2017-01-12,0.23371550130184707,21.000496006382793,0.2343122982236368,20.99931721140485
2017-01-13,0.2325857550719808,19.02151090118802,0.234407383218868,19.1706101569083
2017-01-16,0.23331447053570983,20.41319330133688,0.2344396110126981,20.42836949500145
2017-01-17,0.11866468508551295,19.512769493522846,0.13087985587684678,19.406403346070878
2017-01-18,0.23880775488463568,20.91644553390601,0.23936556910620402,20.900651331029064
2017-01-19,0.08512873414886563,19.23109272835491,0.09445520489022215,19.262011735535626
2017-01-20,0.2787260020294399,21.308967711518633,0.27877877393201467,21.28413476678345
2017-01-23,0.3622340746313123,21.286492595886283,0.3621672724727063,21.25674735636175
2017-01-24,0.16004480736226415,21.703168407879765,0.16658275214295548,21.703517945008908
2017-01-25,0.2196793412959185,21.891648328601164,0.21985995328014804,21.91058232442331
2017-01-26,0.23289414171452247,22.70613001433647,0.23421974017800837,22.839552451322405
2017-02-03,0.21170966301126387,19.290350428605883,0.2117285156331625,19.293505410120712
2017-02-06,0.26802572026262983,20.53760269003426,0.2723425883959533,20.672025660676592
2017-02-07,nan,15.929096615083354,nan,15.959482832699972
2017-02-08,0.2347345824594125,19.377230844988617,0.23444405550537997,19.38429806410681
2017-02-09,0.24076383404821863,19.337212796885794,0.24084893058664655,19.37956498534629
2017-02-10,0.10650380904818722,17.654435169341692,0.11218583913559818,17.89357465317384
2017-02-13,0.11783805049583043,14.483776119669587,0.12988301822970966,14.441592228375205
2017-02-14,0.10397473865463437,14.006198932541194,0.1202265499596242,14.052370419754995
2017-02-15,0.10256042187517532,13.925919916656774,0.118182166960501,13.955309987361892
2017-02-16,0.10065411937531303,7.349137970459465,0.1269158778699778,7.415279166395237
2017-02-17,0.09205389256120332,18.50586811073904,0.09317716979206035,18.652541784152238
2017-02-20,nan,19.551886674242514,nan,19.565318356803008
2017-02-21,0.3203875504477055,19.66883141107332,0.3270923459187116,19.684021906827954
2017-02-22,0.19591356490945688,19.014749062079208,0.1960473901772627,19.01480329184995
2017-02-23,0.18704484233621527,18.867818886756137,0.18731509777044203,18.829170273947042
2017-02-24,0.18964754673513726,18.796300985229696,0.1900657673895777,18.755832008621752
2017-02-27,0.08059647723901159,11.758709329739185,0.0802851947118483,11.812895420073788
2017-02-28,0.1077645376123533,13.195738430329651,0.10719014654982283,13.23742853419882
2017-03-01,0.11198556693645728,14.423181750008366,0.11729740018199451,14.750801592776064
2017-03-02,0.20619783100450664,20.01940949577097,0.20660100611746562,20.03586603343697
2017-03-03,0.19885256312862762,19.381704202478634,0.19904364280413117,19.359835783994942
2017-03-06,0.21335359755805688,20.062901961172557,0.2133973650259694,20.03810134012961
2017-03-07,0.2146561073193404,20.378765562885597,0.21517345279185965,20.382902327861828
2017-03-08,0.21564834599434657,20.270884864447787,0.21631404852933386,20.2828125565002
2017-03-09,0.20679679559793698,19.265644208299534,0.20711197111955545,19.238285841531873
2017-03-10,0.08470516549712005,16.11776219029647,0.09046143512756168,16.163109237067157
2017-03-13,0.1588219591592033,19.398224474594947,0.15934858528446566,19.391890806280127
2017-03-14,0.24877193719441723,20.146039865094615,0.24890681847336013,20.122943914509897
2017-03-15,0.1665921551584023,19.943581304547962,0.1672753691065467,19.93793710459686
2017-03-16,0.09745730364386238,7.366283967676561,0.1217796528805699,7.560930360774678
2017-03-17,nan,18.206564893269977,nan,18.187407121185828
2017-03-20,0.2586717293113404,19.066312971715643,0.2587820335209648,19.039401011770227
2017-03-21,0.1992411668793624,19.704920119095632,0.19966578249455505,19.710119217285865
2017-03-22,0.061385575405371894,6.13855754053719,0.062282282400050085,6.228228240005008
2017-03-23,0.1892667740408557,18.92667740408557,0.18894443769367716,18.894443769367715
2017-03-24,0.05227510512230008,5.227510512230008,0.05249818881231291,5.249818881231291
2017-03-27,0.20903233704937726,20.896152649859584,0.20976406207459616,20.974303208363633
2017-03-28,0.2043674285779627,20.377936371429804,0.20445279911500921,20.385114332721894
2017-03-29,0.20227304459772433,20.123644791343423,0.20223072814600496,20.117306140566598
2017-03-30,0.19831386577255922,19.602882616526944,0.19798415796917135,19.56708400994522
2017-03-31,0.2067642998222565,20.506945802877755,0.2070630820307623,20.529764210608686
2017-04-05,0.10528982528323756,8.120845750675347,0.1070392285165679,8.264434510516654
2017-04-06,0.11416720212143175,10.03984206878961,0.1185961446538685,10.250719548121138
2017-04-07,0.11050665053783187,8.57922330935061,0.11616469770316123,8.861018982016983
2017-04-10,0.09153187203571295,9.920439283785988,0.10069570345745636,10.27101932496622
2017-04-11,0.09404462327282902,10.045917292988328,0.10348481563330783,10.405140631203553
2017-04-12,0.09879370090136945,9.608560827770674,0.10745560639308181,9.912940021223346
2017-04-13,0.09902569099202171,8.13127316557425,0.10818155818928958,8.76165162824942
2017-04-14,0.23512483332690523,19.857831299438388,0.234961307257986,19.84341162734371
2017-04-17,0.2488013937219367,20.034956029641453,0.2489376164546895,20.038205306675422
2017-04-18,0.11596687411655864,6.917702849670353,0.11694396759058295,6.999930813846134
2017-04-19,0.10200816036628337,9.574742962949356,0.11942518229062878,10.051800014041461
2017-04-20,0.08257268481450854,10.091787519381498,0.1037350636523415,10.354323466362795
2017-04-21,0.14674137587369673,18.246349444696175,0.1516000184147943,18.232786525883114
2017-04-24,0.06470956390030322,3.689570739324519,0.11974816601035469,3.764485400702558
2017-04-25,nan,18.666256075281506,0.07869630737600541,18.645960623459665
2017-04-26,0.18530843589544727,18.052809602921123,0.18523259881184537,18.04820497015919
2017-04-27,0.1968565123241677,18.798227881599008,0.1966324791029839,18.784392744892457
2017-04-28,0.18725723543601627,17.903844370605984,0.1871755725562292,17.90048201508261
2017-05-02,0.08790104357289921,10.423728587456099,0.09210054400980187,10.630289521593363
2017-05-03,0.07266675243352888,5.65260575922597,0.07830846560439152,6.039936920350484
2017-05-04,0.07950625365998737,7.714804950631874,0.08769373945552762,8.127788957343851
2017-05-05,0.07791625682085479,13.111351029048926,0.0792724463523032,13.281269091949993
2017-05-08,0.08450063720657766,12.211365587118683,0.09134329676907192,12.376853284078162
2017-05-09,0.08401510152196527,14.368154247104872,0.09178721730659642,14.6799912043944
2017-05-10,0.07625714786207631,7.2870806563807635,0.09102642952465653,7.722714516483498
2017-05-11,0.06496461726313463,14.440059716828246,0.06872497025893555,14.494148677807262
2017-05-12,0.08464713137014612,5.828026762755174,0.0914252059610709,6.0310247045966925
2017-05-15,0.09489254447711548,6.7094614533697845,0.1086027461175821,6.928727828429149
2017-05-16,0.084512897460168,12.502055446675161,0.11499342721478782,12.748787445825652
2017-05-17,nan,15.784235460129533,nan,15.900209769038497
2017-05-18,0.2680425575842767,17.534987353936877,0.2680113101918029,17.56181154285039
2017-05-19,0.27772995022711516,17.4852277654786,0.2785694095422069,17.561882573821926
2017-05-22,0.10070505373053024,7.713090612920446,0.16423151419895043,8.128971676780328
2017-05-23,nan,17.281837812372114,nan,17.347629743285836
2017-05-24,0.17638676200450776,17.638676200450774,0.17668387677043007,17.668387677043007
2017-05-25,0.138122592905777,13.8122592905777,0.13842884904325234,13.842884904325233
2017-05-26,0.16153740860920973,16.153740860920973,0.16345661383616844,16.345661383616843
2017-05-31,0.2227828917973404,22.060330984351403,0.22170029734062924,21.983868891356867
2017-06-01,0.2001188540787493,20.0410386117032,0.19867611694650847,20.026341223060317
2017-06-02,0.25085028975804596,23.95278808881149,0.2537417708116373,24.195263045066593
2017-06-05,0.20711168808409236,20.54088808330835,0.2052767873814883,20.585851782959455
2017-06-06,0.18173193820383038,20.49399152985148,0.18397854603944674,20.410079199964695
2017-06-07,0.24501407475288983,22.76403363372531,0.2437606911081765,22.767778228383698
2017-06-08,0.2103381183814738,21.66051153586187,0.21113154597461317,21.68275870682315
2017-06-09,0.19224113103054105,22.04637758654956,0.1951279416225063,21.926703204830698
2017-06-12,0.20068572050804065,22.978746740998226,0.2037404359473389,22.81201718729931
2017-06-13,0.19911627347637048,23.553281603830715,0.20204368374912648,23.373587525307894
2017-06-14,0.22156802133025028,21.844745345924622,0.2197438032874658,22.11094603533235
2017-06-15,0.19750879252388873,23.4393810079219,0.19987429292612174,23.170758351248733
2017-06-16,0.19818118606312246,23.489187532608657,0.2006593725092909,23.222161225188216
2017-06-19,0.2576603549608611,22.07848412902143,0.25789237960718303,22.402962393154258
2017-06-20,0.25168969364287214,22.870844313544627,0.25343260367555664,22.982735241142677
2017-06-21,0.26138149300762686,23.982325483720743,0.26319844451283275,23.680341676562623
2017-06-22,0.12072987500288719,23.25816656961265,0.12089533913587047,23.507254502212284
2017-06-23,0.25231665966232286,18.176256814376757,0.25374440904710854,18.091074182198327
2017-06-26,0.3624292151521311,19.027223488067843,0.3632948529343468,18.8829714385924
2017-06-27,0.25530760480921544,24.339842443374383,0.2755883659851866,24.418962429419793
2017-06-28,0.18902032809512812,19.360695666178323,0.1875241178542963,19.25667040814806
2017-06-29,0.25524858954477075,24.4918716661283,0.25604975171766525,24.439095411124093
2017-06-30,0.204039202556484,20.714870191919328,0.20691749301014142,20.746089734223304
2017-07-03,0.19270863134632332,20.19691225033801,0.19118924992310743,20.292571641351252
2017-07-04,0.20985548316377303,22.269738083664386,0.2095168059815083,22.38232514496748
2017-07-05,0.2105871436842444,22.398106206949024,0.21237061755203948,22.51627621802171
2017-07-06,0.2073673717040736,22.16453473774354,0.2099611534918897,22.427050127743453
2017-07-07,0.21978344921105292,20.10009035966396,0.22110384259105337,20.31496805475826
2017-07-10,0.06584450576916771,20.46665994807639,0.06674865745161448,20.652491916160365
2017-07-11,0.22728319456585655,19.601665277030676,0.22797804245120482,19.815750343976514
2017-07-12,0.24007144869295663,18.805072629996562,0.24057124520732506,18.709788372926344
2017-07-13,0.2335235069388235,22.950949722872878,0.235037497508022,23.105661239458684
2017-07-14,0.2364631470178076,23.752642983180575,0.2391949149934945,23.891644678667074
2017-07-17,0.2663176393378414,24.66664407816759,0.2706817057742514,25.00005732902888
2017-07-18,0.25930117389603297,23.179240451806503,0.26053515621297496,23.218353654648286
2017-07-19,0.26367251781922557,17.970511270025774,0.2640607332981555,17.938221587296134
2017-07-20,0.27061130573667996,24.040883265824956,0.27257185911376036,23.79642674941581
2017-07-21,nan,23.338311217842264,nan,23.531542698042355
2017-07-24,0.3511477615642377,18.196938270870334,0.3511455760837289,18.079997855622974
2017-07-25,0.10490477632273752,23.097979173397228,0.18164112844534094,23.455940961643513
2017-07-26,0.2399133090115012,23.5344967518266,0.2423015257224317,23.699800509717516
2017-07-27,0.2519949080644075,24.668553877195194,0.2540692318048221,24.744817538606632
2017-07-28,0.2518962500852392,24.107311623872217,0.2536099142852614,24.17392152628196
2017-07-31,0.25782888213952454,23.985611878993556,0.2594695862691707,23.989936055977378
2017-08-01,0.2561132971953799,23.546672539956877,0.2590578144689889,23.652261721266576
2017-08-02,0.2576708785222419,23.47670666401592,0.2601173189392088,23.531071842014263
2017-08-03,0.20556096323143153,20.536579638911505,0.20371192407087305,20.511235045322017
2017-08-04,0.26371421143187634,23.684877651045692,0.26558054120070235,23.645808585916217
2017-08-07,0.27128415066588235,22.622329404302658,0.27420057439092815,22.935217003826057
2017-08-08,0.2055822111801057,20.314674581100327,0.20389537387368506,20.506556564492318
2017-08-09,0.19315167749660764,21.5710254340855,0.19547324147871883,21.416516715773028
2017-08-10,0.23104223654710423,23.374329384512087,0.23144104427561485,23.06755345350067
2017-08-11,0.2346246516644938,22.757192350229044,0.23630460804562986,22.56003658230669
2017-08-14,0.24720084060903197,22.524493129503853,0.2498230512406395,22.678081792344027
2017-08-15,0.2520168503345252,18.039349993755305,0.2521833123181077,17.928492913630983
2017-08-16,0.24794505865531283,19.126524767841076,0.24954260326478844,18.86728164885996
2017-08-17,0.25930281767696073,19.483523265109618,0.2594438758059808,19.552941092806854
2017-08-18,nan,17.058771625072183,nan,17.24538035754457
2017-08-21,0.1786667922616812,18.997872047524233,0.184314025436568,19.137712165969933
2017-08-22,0.07768663626685708,18.820750383598103,0.1408916524810356,18.859940818351458
2017-08-23,0.19553276448550955,19.553276448550953,0.19621100925460105,19.621100925460105
2017-08-24,0.19152727177735931,19.152727177735933,0.19173112530090222,19.173112530090222
2017-08-25,0.21608531796909955,21.608531796909954,0.21633517865412843,21.633517865412845
2017-08-28,0.17953793170749352,17.93145264920267,0.17989982352121722,17.965482469544913
2017-08-29,0.21945553287699038,22.02149889668047,0.21783382413703908,21.878421986915072
2017-08-30,0.24574480504839613,24.221331979767736,0.24755949781853004,24.388021264535883
2017-08-31,0.17045985136775219,18.22301014777759,0.1721598819525525,18.37852270183594
2017-09-01,0.17206135430508868,18.942164400291507,0.17377981518977315,18.931600181849014
2017-09-04,0.17679934037464062,19.834266668923785,0.17860271570767508,19.989811927347372
2017-09-05,0.21050430992492727,20.82237303848605,0.21108156400730788,20.904733124183508
2017-09-06,0.18102617666660642,20.977525279243967,0.1829426596403859,20.850181574230827
2017-09-07,0.2141085354764122,20.7297305850142,0.21423299604889837,20.895193391757353
2017-09-08,0.20788396547493695,20.582797336128618,0.20610813505270248,20.69718962951301
2017-09-11,0.21253754768591626,22.777276213847966,0.21065123759269525,22.78463201431142
2017-09-12,0.23390168497640215,17.875609545945125,0.2336794745154369,17.993431147312712
2017-09-13,0.23574099411960056,21.609369567392793,0.23625361741161524,21.82915010528944
2017-09-14,0.19156414443433165,22.512022708678256,0.19355588104780444,22.6463433846492
2017-09-15,0.19049567829997063,22.551529417425257,0.19261021861098657,22.691416831695584
2017-09-18,0.05552388962362852,22.76118253488264,0.05730643221009081,22.842585599803183
2017-09-19,0.05897139381931116,22.62801362272363,0.059714561258246944,22.803031416756507
2017-09-20,0.25317653819003794,23.211128938702217,0.25787942957103416,23.439102531097404
2017-09-21,nan,23.200662075038146,nan,23.304547841088883
2017-09-22,0.13938810996764084,23.375721128399814,0.15164070242949065,23.486323782713956
2017-09-25,0.20636372635124794,23.862997941651297,0.23618696571520884,23.97683754151311
2017-09-26,0.23720419663972175,19.517428754481223,0.2780864932491614,19.348178293627917
2017-09-27,0.20105315734479165,19.98954127007978,0.20186084125118067,20.031365162325688
2017-09-28,0.19247439011711617,19.497931887774527,0.19411493670073968,19.538529418983096
2017-09-29,0.06417493917503628,13.356428714033184,0.06358059675543669,13.377816457149358
2017-10-09,0.21566349212141117,19.984341986169635,0.2153507331479107,19.969701155633103
2017-10-10,0.21331823004985112,19.73400024097431,0.2130765993865112,19.70972854926841
2017-10-11,0.08008003480017203,18.852520064367713,0.08134297083381323,19.022172658036947
2017-10-12,0.09390116534695682,11.017897711943744,0.10096114884312223,11.064997733190415
2017-10-13,0.08744574182011958,11.885095098653387,0.0966546289278247,11.920869267435384
2017-10-16,0.0977655567287008,18.563902596663727,0.1028576223055096,18.56354044060267
2017-10-17,0.0916553650064662,7.789100868937644,0.10190432933165917,7.919858087434371
2017-10-18,0.247503291925907,20.54564005586509,0.24745362165499266,20.526835472646237
2017-10-19,0.25515344746340396,21.032020461288305,0.25578678110630154,21.036440726267532
2017-10-20,nan,18.827303216351655,nan,18.79546594763889
2017-10-23,0.12504972182844806,19.659543601992514,0.13890283776541867,19.620275711217
2017-10-24,0.18903354074782683,21.439746276403465,0.18901524388774404,21.438937878496677
2017-10-25,0.2107154731675151,20.441090231384244,0.21051679489979455,20.450803447429333
2017-10-26,0.17490344052802306,18.716268198039224,0.1738163798116415,18.652874812604484
2017-10-27,0.2278635873421336,23.011221438002828,0.2297942133401388,23.1827724098827
2017-10-30,0.16311141215816438,19.46697480808996,0.16484117841216786,19.408725305787563
2017-10-31,0.21860616748807055,22.18921216602937,0.21834029751524617,22.025705138361047
2017-11-01,0.2099388034614027,20.073086468574104,0.20790451097855384,20.132034350589024
2017-11-02,0.21632806568324725,24.320512338268056,0.21601884179495273,24.299252513377887
2017-11-03,0.21992273283638664,22.34908532346125,0.2196646715854046,22.13125730386184
2017-11-06,0.21159388508442412,19.96176666932631,0.21135608798776426,20.171277688468294
2017-11-07,0.25553675290220507,24.445552290025578,0.2582306746136547,24.5737151984445
2017-11-08,0.2638407972186475,22.021407030720184,0.266767187564307,22.222141786397454
2017-11-09,0.21435962328195252,20.396185613512944,0.2125276669639671,20.621417243251834
2017-11-10,0.17771962947010847,23.32246406105203,0.17958757003047832,23.0565185548419
2017-11-13,0.2183752806992321,25.493624079540893,0.21706718338165734,25.17999728605688
2017-11-14,0.2790640848732655,21.91082548515472,0.2797548608746546,21.730353090548284
2017-11-15,0.26951288372013116,20.939525906898986,0.2685329324146806,20.727029026993307
2017-11-16,0.27374146970134616,26.193923976805777,0.27824485436965657,26.270393479671515
2017-11-17,0.3134843110162804,22.588532146325708,0.31366977936047985,22.832632301893717
2017-11-20,0.35915073000169384,28.833995021562654,0.3591375843103967,28.865184289749624
2017-11-21,0.5862396744464157,26.47216781825098,0.6052429378243239,26.601853442909185
2017-11-22,0.2176849594490389,21.76849594490389,0.22203270757942867,22.203270757942867
2017-11-23,0.30370727599288433,30.370727599288433,0.3013499333678669,30.134993336786692
2017-11-24,0.283773081469089,28.3773081469089,0.2904159223837021,29.04159223837021
2017-11-27,0.2320373105912497,23.00810080214136,0.23119653206185323,22.94400949151783
2017-11-28,0.2671260081890538,26.43964927869837,0.2695248338672001,26.118131837252463
2017-11-29,0.242877460556723,24.39067570593215,0.24542695309404752,23.782922031191116
2017-11-30,0.2739616096584891,29.73213919852315,0.27094342560842377,29.94981580710652
2017-12-01,0.2625299526715423,26.136668472142283,0.2657802068048093,25.130046025581958
2017-12-04,0.25786940217773374,25.334653642112738,0.2576585074074965,25.466259122615963
2017-12-05,0.23087967074083612,24.001105550136085,0.2321500108129946,24.05925969732593
2017-12-06,0.26989602506174315,24.435803173114103,0.27218707888001786,24.3459507591343
2017-12-07,0.2063388156817781,23.617562357760676,0.20469755445692403,23.523080191907457
2017-12-08,0.2615594695519276,23.538162774554465,0.2621767006813321,23.341775430392
2017-12-11,0.20621109187624934,24.60087923620132,0.20618061518116526,24.563463754953396
2017-12-12,0.21762222773952267,25.121317390211,0.2174125766052224,25.058248842391308
2017-12-13,0.2731780123303636,23.46523996072533,0.2770297863957555,23.264466613065938
2017-12-14,0.2276470574194045,25.538228792732003,0.22756952979872044,25.489769316222745
2017-12-15,0.195249961656233,22.45100221201971,0.19698014997045568,19.43945485388016
2017-12-18,0.21941316165181646,22.173188525836824,0.21776234911320533,22.36765505448364
2017-12-19,0.20148379906405467,22.53463846909256,0.20346021434894448,22.638294374179242
2017-12-20,0.16240250187804073,21.869056919355835,0.1615986684475525,22.102244054223842
2017-12-21,0.24427939449602074,22.233141242341578,0.24441634946569502,22.44151796123483
2017-12-22,0.19668482761417339,22.57391491827328,0.1968257144435903,22.78724383080603
2017-12-25,0.16058184358742575,23.898675897860734,0.18739846754306583,23.94790076033552
2017-12-26,0.35840816043032553,24.278853269773663,0.3602302390054081,24.107540923468633
2017-12-27,0.23991267293332189,23.850261378128444,0.24184741539973384,24.059502718541488
2017-12-28,0.22723656188552835,22.648066583423066,0.22428125018434822,22.51988242860217
2017-12-29,0.24733198400611803,24.056484385839756,0.24389720381680824,23.916378491460062
2018-01-02,0.18306840986177972,19.262680821858687,0.18437872332326488,19.24479143551902
2018-01-03,0.1800963873565214,19.74662858889182,0.18158106542416408,19.98192964730034
2018-01-04,0.17767346171052975,19.919478740761694,0.17910053237385223,20.164547029014294
2018-01-05,0.2035668701198293,21.112721073740808,0.20411110488824502,21.317485677994018
2018-01-08,0.2157857616160053,19.215452243312345,0.21580044649883282,19.11447370497566
2018-01-09,0.17757414038482494,22.072245821927684,0.17735464640050203,22.106275646459448
2018-01-10,0.20688858308336922,21.90990011796178,0.20720137080599652,22.214754068051022
2018-01-11,0.21086084060061905,23.628914173680574,0.21130317095616688,23.633206760063054
2018-01-12,0.19039840109787257,21.034699815594497,0.19205811599404887,20.846219444126437
2018-01-15,0.24873597921851284,24.062621886334416,0.24899257827446278,24.24292150679828
2018-01-16,0.2326564355127726,21.483436843410004,0.23767092397904044,21.271052103411506
2018-01-17,0.15768374592492462,21.460625026859788,0.15838580506684516,21.149286377556752
2018-01-18,0.26238667161859536,26.010395432022708,0.26306636378677295,26.4040398615075
2018-01-19,0.25105450957872755,21.189662408047614,0.25339670643300505,21.39887367404405
2018-01-22,0.36043088086368147,27.010816385784324,0.36601746362510706,27.1777647740118
2018-01-23,0.3569679833632507,27.45296714281803,0.41139149615428267,27.31086240647579
2018-01-24,0.2704475055837769,27.04475055837769,0.27181182407150667,27.18118240715067
2018-01-25,0.3121270757173015,31.212707571730153,0.3122435824453732,31.22435824453732
2018-01-26,0.28073214458694,28.073214458694,0.28218824832522416,28.218824832522415
2018-01-29,0.25934125632803245,26.014994151469534,0.2632716575130148,26.40091318060777
2018-01-30,0.21302154122579448,21.052279435448217,0.2091500901495268,20.60803277061179
2018-01-31,0.28634759087909756,28.553904384448447,0.2900237378481301,28.92305225955436
2018-02-01,0.2622272262824979,25.387848863512247,0.2647136091192204,25.659273363053536
2018-02-02,0.3175728458826495,29.17616353537507,0.3176856615699757,29.188892261605254
2018-02-05,0.2536212049210399,25.874600059337215,0.2541218903795995,26.151478341451707
2018-02-06,0.3121690244447359,28.45811042008133,0.3130580653307625,28.618861321001265
2018-02-07,0.2965559196425273,29.613168199724587,0.30158229317861174,29.85817718570868
2018-02-08,0.29010551295287273,28.81653821630611,0.29004991041020833,28.751521395589418
2018-02-09,0.41701016488669285,38.727581226426786,0.4143969736057202,38.56029457499105
2018-02-12,0.31957172794657035,31.356028364038735,0.3208981042656288,31.320561748122817
2018-02-13,0.27037731851716545,30.272238243512962,0.27145210506145623,30.287100107250964
2018-02-14,0.31832196315116773,31.733210487130094,0.3198027930417382,31.96946949397096
2018-02-22,0.35296052881172957,28.381770342617035,0.35943136507583084,28.568053128766163
2018-02-23,0.28691310777725415,29.009966508892703,0.28832396424853085,29.093050508374535
2018-02-26,0.38525073637283314,27.52970206412672,0.3925712513610707,27.586599577792718
2018-02-27,0.4271124428885254,28.357346995762782,0.43599154338536417,28.59532010878208
2018-02-28,0.28296031413028566,28.03907199617599,0.2852978128409716,28.22171212345348
2018-03-01,0.27725760488337603,27.44896078883144,0.27799032364703574,27.646828269591822
2018-03-02,0.27677456085968444,26.88022189475488,0.276661646455043,26.85836777706445
2018-03-05,0.28058700307486195,26.585424137736553,0.2807807649706717,26.584532293269188
2018-03-06,0.26322072959076726,26.985491542160776,0.26397971954407684,27.289353597634484
2018-03-07,0.2726617088649065,27.19581855257447,0.27526186299815475,27.388949634432723
2018-03-08,0.2361595932639704,26.180757587923782,0.23642587672829912,26.50637001194231
2018-03-09,0.23103400028882679,25.772328546639677,0.2310832282929484,26.10963107575702
2018-03-12,0.2587907974267818,27.306225908969537,0.25853945070145856,27.682143102427965
2018-03-13,0.2830151547535417,26.681718650838114,0.28643546257147,26.752551088985328
2018-03-14,0.29323061643622345,26.302852548454513,0.293809776494451,26.545721566010883
2018-03-15,0.24705337708733113,29.312639564264632,0.24787090324486644,29.798149921394522
2018-03-16,0.27513752208347547,27.914943146524536,0.2763976051585946,27.901017937597068
2018-03-19,0.24878101838768613,29.724452634831433,0.24997327183806678,30.343620303245128
2018-03-20,0.2554937894859111,29.605964513283727,0.25590029410804743,30.23452719386399
2018-03-21,0.2944995027065726,25.75068587369541,0.2931539303924924,25.800614039083808
2018-03-22,0.28194631214520277,28.734537859307647,0.2831584891624264,28.761957396762266
2018-03-23,0.3876576337046132,28.73810406867829,0.3888201281407235,28.907849964883383
2018-03-26,0.34524143880909147,28.02429559159502,0.35683048075009866,28.03311141520563
2018-03-27,0.4059893249527499,29.537213760035264,0.4229171894365598,29.54861520970191
2018-03-28,0.2927480477590433,29.041245504983813,0.2929685856003101,28.974631060114454
2018-03-29,0.3081332254105462,29.351160745220085,0.30926191817925824,29.503124555389014
2018-03-30,0.3081367916157121,29.87164945813784,0.3078638209002006,29.925033964436125
2018-04-02,0.24302545242403958,26.735360089417963,0.24300154768186547,26.735745633308834
2018-04-03,0.2894656751938618,28.412998599072026,0.290272798273995,28.424430870024313
2018-04-04,0.28939376139453493,28.339134875705124,0.29027871153852,28.35079464295937
2018-04-09,0.33550697111194655,29.623151335015592,0.3355184035049361,29.700429619638946
2018-04-10,0.31884631860827556,26.40633496394445,0.3219556406065425,26.7757244471506
2018-04-11,0.32654874106317466,26.227295630728825,0.330248093917227,26.449268976173464
2018-04-12,0.2912431712632107,30.028847060141402,0.291699014884585,30.06517094737366
2018-04-13,0.3379875497321379,26.7250491162047,0.33940171640033306,26.943490202548563
2018-04-16,0.3371684728084715,31.079558266498147,0.33707356089707446,30.997825184723908
2018-04-17,0.36897098960953184,27.119037909828776,0.37535739120844963,27.24405102885293
2018-04-18,0.3336697724394371,31.437439424442605,0.3346226372015265,31.401283220922156
2018-04-19,0.2749564546080423,25.598317497750234,0.28366759522580176,25.799174624565534
